date,currency_type,budget_funds_total_mln_rub,federal_budget_funds_mln_rub,regional_local_budget_funds_mln_rub,other_budget_funds_mln_rub,extra_budgetary_funds_mln_rub,source_url,source_file
01-02-2012,foreign_currency_and_precious_metals,34085.0,6854.0,2337.0,24889.0,3.0,https://www.cbr.ru/vfs/statistics/banksector/borrowings/02_29_Budget_all.xlsx,cbr_budget_funds.xlsx
01-02-2012,rub,14914.0,1261.0,537.0,8546.0,4569.0,https://www.cbr.ru/vfs/statistics/banksector/borrowings/02_29_Budget_all.xlsx,cbr_budget_funds.xlsx
01-02-2012,total,48998.0,8116.0,2874.0,33435.0,4573.0,https://www.cbr.ru/vfs/statistics/banksector/borrowings/02_29_Budget_all.xlsx,cbr_budget_funds.xlsx
01-03-2012,foreign_currency_and_precious_metals,33638.0,7749.0,2228.0,23658.0,4.0,https://www.cbr.ru/vfs/statistics/banksector/borrowings/02_29_Budget_all.xlsx,cbr_budget_funds.xlsx
01-03-2012,rub,17523.0,2218.0,468.0,10501.0,4336.0,https://www.cbr.ru/vfs/statistics/banksector/borrowings/02_29_Budget_all.xlsx,cbr_budget_funds.xlsx
01-03-2012,total,51161.0,9967.0,2696.0,34159.0,4339.0,https://www.cbr.ru/vfs/statistics/banksector/borrowings/02_29_Budget_all.xlsx,cbr_budget_funds.xlsx
01-04-2012,foreign_currency_and_precious_metals,33157.0,8291.0,2257.0,22072.0,537.0,https://www.cbr.ru/vfs/statistics/banksector/borrowings/02_29_Budget_all.xlsx,cbr_budget_funds.xlsx
01-04-2012,rub,15193.0,1465.0,231.0,9257.0,4240.0,https://www.cbr.ru/vfs/statistics/banksector/borrowings/02_29_Budget_all.xlsx,cbr_budget_funds.xlsx
01-04-2012,total,48350.0,9756.0,2488.0,31330.0,4777.0,https://www.cbr.ru/vfs/statistics/banksector/borrowings/02_29_Budget_all.xlsx,cbr_budget_funds.xlsx
01-05-2012,foreign_currency_and_precious_metals,33788.0,11415.0,2259.0,20109.0,4.0,https://www.cbr.ru/vfs/statistics/banksector/borrowings/02_29_Budget_all.xlsx,cbr_budget_funds.xlsx
01-05-2012,rub,15945.0,1326.0,473.0,10809.0,3338.0,https://www.cbr.ru/vfs/statistics/banksector/borrowings/02_29_Budget_all.xlsx,cbr_budget_funds.xlsx
01-05-2012,total,49733.0,12741.0,2732.0,30917.0,3343.0,https://www.cbr.ru/vfs/statistics/banksector/borrowings/02_29_Budget_all.xlsx,cbr_budget_funds.xlsx
01-06-2012,foreign_currency_and_precious_metals,33119.0,9985.0,2497.0,20486.0,151.0,https://www.cbr.ru/vfs/statistics/banksector/borrowings/02_29_Budget_all.xlsx,cbr_budget_funds.xlsx
01-06-2012,rub,18643.0,2097.0,368.0,11543.0,4636.0,https://www.cbr.ru/vfs/statistics/banksector/borrowings/02_29_Budget_all.xlsx,cbr_budget_funds.xlsx
01-06-2012,total,51762.0,12082.0,2864.0,32029.0,4787.0,https://www.cbr.ru/vfs/statistics/banksector/borrowings/02_29_Budget_all.xlsx,cbr_budget_funds.xlsx
01-07-2012,foreign_currency_and_precious_metals,29294.0,5688.0,2509.0,21037.0,61.0,https://www.cbr.ru/vfs/statistics/banksector/borrowings/02_29_Budget_all.xlsx,cbr_budget_funds.xlsx
01-07-2012,rub,18735.0,1695.0,339.0,12332.0,4370.0,https://www.cbr.ru/vfs/statistics/banksector/borrowings/02_29_Budget_all.xlsx,cbr_budget_funds.xlsx
01-07-2012,total,48030.0,7382.0,2848.0,33369.0,4430.0,https://www.cbr.ru/vfs/statistics/banksector/borrowings/02_29_Budget_all.xlsx,cbr_budget_funds.xlsx
01-08-2012,foreign_currency_and_precious_metals,29661.0,3791.0,2462.0,23402.0,5.0,https://www.cbr.ru/vfs/statistics/banksector/borrowings/02_29_Budget_all.xlsx,cbr_budget_funds.xlsx
01-08-2012,rub,18987.0,1309.0,829.0,12250.0,4600.0,https://www.cbr.ru/vfs/statistics/banksector/borrowings/02_29_Budget_all.xlsx,cbr_budget_funds.xlsx
01-08-2012,total,48648.0,5100.0,3291.0,35652.0,4605.0,https://www.cbr.ru/vfs/statistics/banksector/borrowings/02_29_Budget_all.xlsx,cbr_budget_funds.xlsx
01-09-2012,foreign_currency_and_precious_metals,28616.0,5558.0,877.0,21621.0,560.0,https://www.cbr.ru/vfs/statistics/banksector/borrowings/02_29_Budget_all.xlsx,cbr_budget_funds.xlsx
01-09-2012,rub,20878.0,1321.0,919.0,13791.0,4847.0,https://www.cbr.ru/vfs/statistics/banksector/borrowings/02_29_Budget_all.xlsx,cbr_budget_funds.xlsx
01-09-2012,total,49494.0,6880.0,1795.0,35411.0,5408.0,https://www.cbr.ru/vfs/statistics/banksector/borrowings/02_29_Budget_all.xlsx,cbr_budget_funds.xlsx
01-10-2012,foreign_currency_and_precious_metals,26435.0,4948.0,840.0,20599.0,48.0,https://www.cbr.ru/vfs/statistics/banksector/borrowings/02_29_Budget_all.xlsx,cbr_budget_funds.xlsx
01-10-2012,rub,18922.0,1807.0,853.0,12594.0,3668.0,https://www.cbr.ru/vfs/statistics/banksector/borrowings/02_29_Budget_all.xlsx,cbr_budget_funds.xlsx
01-10-2012,total,45357.0,6755.0,1693.0,33193.0,3716.0,https://www.cbr.ru/vfs/statistics/banksector/borrowings/02_29_Budget_all.xlsx,cbr_budget_funds.xlsx
01-11-2012,foreign_currency_and_precious_metals,29965.0,7847.0,856.0,21255.0,7.0,https://www.cbr.ru/vfs/statistics/banksector/borrowings/02_29_Budget_all.xlsx,cbr_budget_funds.xlsx
01-11-2012,rub,19399.0,1905.0,697.0,13260.0,3537.0,https://www.cbr.ru/vfs/statistics/banksector/borrowings/02_29_Budget_all.xlsx,cbr_budget_funds.xlsx
01-11-2012,total,49364.0,9752.0,1553.0,34515.0,3544.0,https://www.cbr.ru/vfs/statistics/banksector/borrowings/02_29_Budget_all.xlsx,cbr_budget_funds.xlsx
01-12-2012,foreign_currency_and_precious_metals,28985.0,6262.0,849.0,21314.0,560.0,https://www.cbr.ru/vfs/statistics/banksector/borrowings/02_29_Budget_all.xlsx,cbr_budget_funds.xlsx
01-12-2012,rub,20714.0,1879.0,509.0,13548.0,4778.0,https://www.cbr.ru/vfs/statistics/banksector/borrowings/02_29_Budget_all.xlsx,cbr_budget_funds.xlsx
01-12-2012,total,49699.0,8141.0,1358.0,34861.0,5339.0,https://www.cbr.ru/vfs/statistics/banksector/borrowings/02_29_Budget_all.xlsx,cbr_budget_funds.xlsx
01-01-2013,foreign_currency_and_precious_metals,24484.0,152.0,808.0,23523.0,2.0,https://www.cbr.ru/vfs/statistics/banksector/borrowings/02_29_Budget_all.xlsx,cbr_budget_funds.xlsx
01-01-2013,rub,15594.0,3.0,327.0,13712.0,1552.0,https://www.cbr.ru/vfs/statistics/banksector/borrowings/02_29_Budget_all.xlsx,cbr_budget_funds.xlsx
01-01-2013,total,40078.0,155.0,1135.0,37235.0,1553.0,https://www.cbr.ru/vfs/statistics/banksector/borrowings/02_29_Budget_all.xlsx,cbr_budget_funds.xlsx
01-02-2013,foreign_currency_and_precious_metals,34537.0,10268.0,799.0,23466.0,4.0,https://www.cbr.ru/vfs/statistics/banksector/borrowings/02_29_Budget_all.xlsx,cbr_budget_funds.xlsx
01-02-2013,rub,15020.0,1648.0,642.0,9815.0,2916.0,https://www.cbr.ru/vfs/statistics/banksector/borrowings/02_29_Budget_all.xlsx,cbr_budget_funds.xlsx
01-02-2013,total,49557.0,11917.0,1441.0,33280.0,2920.0,https://www.cbr.ru/vfs/statistics/banksector/borrowings/02_29_Budget_all.xlsx,cbr_budget_funds.xlsx
01-03-2013,foreign_currency_and_precious_metals,39341.0,18041.0,814.0,20481.0,4.0,https://www.cbr.ru/vfs/statistics/banksector/borrowings/02_29_Budget_all.xlsx,cbr_budget_funds.xlsx
01-03-2013,rub,15632.0,1684.0,440.0,10860.0,2648.0,https://www.cbr.ru/vfs/statistics/banksector/borrowings/02_29_Budget_all.xlsx,cbr_budget_funds.xlsx
01-03-2013,total,54972.0,19725.0,1254.0,31341.0,2653.0,https://www.cbr.ru/vfs/statistics/banksector/borrowings/02_29_Budget_all.xlsx,cbr_budget_funds.xlsx
01-04-2013,foreign_currency_and_precious_metals,31956.0,12279.0,826.0,18793.0,57.0,https://www.cbr.ru/vfs/statistics/banksector/borrowings/02_29_Budget_all.xlsx,cbr_budget_funds.xlsx
01-04-2013,rub,15670.0,1450.0,506.0,10773.0,2941.0,https://www.cbr.ru/vfs/statistics/banksector/borrowings/02_29_Budget_all.xlsx,cbr_budget_funds.xlsx
01-04-2013,total,47626.0,13729.0,1332.0,29567.0,2998.0,https://www.cbr.ru/vfs/statistics/banksector/borrowings/02_29_Budget_all.xlsx,cbr_budget_funds.xlsx
01-05-2013,foreign_currency_and_precious_metals,32445.0,12485.0,830.0,19126.0,3.0,https://www.cbr.ru/vfs/statistics/banksector/borrowings/02_29_Budget_all.xlsx,cbr_budget_funds.xlsx
01-05-2013,rub,18760.0,1615.0,729.0,11896.0,4519.0,https://www.cbr.ru/vfs/statistics/banksector/borrowings/02_29_Budget_all.xlsx,cbr_budget_funds.xlsx
01-05-2013,total,51205.0,14100.0,1560.0,31022.0,4523.0,https://www.cbr.ru/vfs/statistics/banksector/borrowings/02_29_Budget_all.xlsx,cbr_budget_funds.xlsx
01-06-2013,foreign_currency_and_precious_metals,33842.0,13528.0,840.0,19470.0,4.0,https://www.cbr.ru/vfs/statistics/banksector/borrowings/02_29_Budget_all.xlsx,cbr_budget_funds.xlsx
01-06-2013,rub,18080.0,1716.0,562.0,12204.0,3599.0,https://www.cbr.ru/vfs/statistics/banksector/borrowings/02_29_Budget_all.xlsx,cbr_budget_funds.xlsx
01-06-2013,total,51922.0,15244.0,1401.0,31674.0,3603.0,https://www.cbr.ru/vfs/statistics/banksector/borrowings/02_29_Budget_all.xlsx,cbr_budget_funds.xlsx
01-07-2013,foreign_currency_and_precious_metals,34690.0,12831.0,857.0,20996.0,7.0,https://www.cbr.ru/vfs/statistics/banksector/borrowings/02_29_Budget_all.xlsx,cbr_budget_funds.xlsx
01-07-2013,rub,18450.0,1965.0,1162.0,11632.0,3692.0,https://www.cbr.ru/vfs/statistics/banksector/borrowings/02_29_Budget_all.xlsx,cbr_budget_funds.xlsx
01-07-2013,total,53140.0,14795.0,2019.0,32627.0,3699.0,https://www.cbr.ru/vfs/statistics/banksector/borrowings/02_29_Budget_all.xlsx,cbr_budget_funds.xlsx
01-08-2013,foreign_currency_and_precious_metals,39273.0,12818.0,861.0,25585.0,8.0,https://www.cbr.ru/vfs/statistics/banksector/borrowings/02_29_Budget_all.xlsx,cbr_budget_funds.xlsx
01-08-2013,rub,19089.0,1279.0,2258.0,11715.0,3837.0,https://www.cbr.ru/vfs/statistics/banksector/borrowings/02_29_Budget_all.xlsx,cbr_budget_funds.xlsx
01-08-2013,total,58361.0,14097.0,3120.0,37299.0,3845.0,https://www.cbr.ru/vfs/statistics/banksector/borrowings/02_29_Budget_all.xlsx,cbr_budget_funds.xlsx
01-09-2013,foreign_currency_and_precious_metals,36356.0,10716.0,894.0,24145.0,601.0,https://www.cbr.ru/vfs/statistics/banksector/borrowings/02_29_Budget_all.xlsx,cbr_budget_funds.xlsx
01-09-2013,rub,19473.0,1476.0,2083.0,11596.0,4318.0,https://www.cbr.ru/vfs/statistics/banksector/borrowings/02_29_Budget_all.xlsx,cbr_budget_funds.xlsx
01-09-2013,total,55830.0,12192.0,2977.0,35741.0,4919.0,https://www.cbr.ru/vfs/statistics/banksector/borrowings/02_29_Budget_all.xlsx,cbr_budget_funds.xlsx
01-10-2013,foreign_currency_and_precious_metals,32323.0,7117.0,870.0,24324.0,12.0,https://www.cbr.ru/vfs/statistics/banksector/borrowings/02_29_Budget_all.xlsx,cbr_budget_funds.xlsx
01-10-2013,rub,19690.0,1682.0,647.0,12241.0,5120.0,https://www.cbr.ru/vfs/statistics/banksector/borrowings/02_29_Budget_all.xlsx,cbr_budget_funds.xlsx
01-10-2013,total,52013.0,8799.0,1517.0,36565.0,5132.0,https://www.cbr.ru/vfs/statistics/banksector/borrowings/02_29_Budget_all.xlsx,cbr_budget_funds.xlsx
01-11-2013,foreign_currency_and_precious_metals,29609.0,5519.0,861.0,23215.0,14.0,https://www.cbr.ru/vfs/statistics/banksector/borrowings/02_29_Budget_all.xlsx,cbr_budget_funds.xlsx
01-11-2013,rub,17415.0,2217.0,616.0,12343.0,2239.0,https://www.cbr.ru/vfs/statistics/banksector/borrowings/02_29_Budget_all.xlsx,cbr_budget_funds.xlsx
01-11-2013,total,47024.0,7736.0,1477.0,35558.0,2253.0,https://www.cbr.ru/vfs/statistics/banksector/borrowings/02_29_Budget_all.xlsx,cbr_budget_funds.xlsx
01-12-2013,foreign_currency_and_precious_metals,29960.0,5037.0,891.0,24013.0,18.0,https://www.cbr.ru/vfs/statistics/banksector/borrowings/02_29_Budget_all.xlsx,cbr_budget_funds.xlsx
01-12-2013,rub,17436.0,1858.0,557.0,13194.0,1827.0,https://www.cbr.ru/vfs/statistics/banksector/borrowings/02_29_Budget_all.xlsx,cbr_budget_funds.xlsx
01-12-2013,total,47395.0,6895.0,1448.0,37207.0,1845.0,https://www.cbr.ru/vfs/statistics/banksector/borrowings/02_29_Budget_all.xlsx,cbr_budget_funds.xlsx
01-01-2014,foreign_currency_and_precious_metals,29247.0,164.0,38.0,29045.0,0.0,https://www.cbr.ru/vfs/statistics/banksector/borrowings/02_29_Budget_all.xlsx,cbr_budget_funds.xlsx
01-01-2014,rub,12843.0,2.0,337.0,12268.0,236.0,https://www.cbr.ru/vfs/statistics/banksector/borrowings/02_29_Budget_all.xlsx,cbr_budget_funds.xlsx
01-01-2014,total,42090.0,166.0,376.0,41312.0,236.0,https://www.cbr.ru/vfs/statistics/banksector/borrowings/02_29_Budget_all.xlsx,cbr_budget_funds.xlsx
01-02-2014,foreign_currency_and_precious_metals,40968.0,9794.0,42.0,31126.0,6.0,https://www.cbr.ru/vfs/statistics/banksector/borrowings/02_29_Budget_all.xlsx,cbr_budget_funds.xlsx
01-02-2014,rub,15540.0,1376.0,761.0,13192.0,210.0,https://www.cbr.ru/vfs/statistics/banksector/borrowings/02_29_Budget_all.xlsx,cbr_budget_funds.xlsx
01-02-2014,total,56508.0,11170.0,803.0,44319.0,216.0,https://www.cbr.ru/vfs/statistics/banksector/borrowings/02_29_Budget_all.xlsx,cbr_budget_funds.xlsx
01-03-2014,foreign_currency_and_precious_metals,38109.0,6556.0,42.0,31500.0,10.0,https://www.cbr.ru/vfs/statistics/banksector/borrowings/02_29_Budget_all.xlsx,cbr_budget_funds.xlsx
01-03-2014,rub,16393.0,1915.0,395.0,13879.0,204.0,https://www.cbr.ru/vfs/statistics/banksector/borrowings/02_29_Budget_all.xlsx,cbr_budget_funds.xlsx
01-03-2014,total,54502.0,8471.0,438.0,45379.0,214.0,https://www.cbr.ru/vfs/statistics/banksector/borrowings/02_29_Budget_all.xlsx,cbr_budget_funds.xlsx
01-04-2014,foreign_currency_and_precious_metals,37686.0,6091.0,42.0,31008.0,545.0,https://www.cbr.ru/vfs/statistics/banksector/borrowings/02_29_Budget_all.xlsx,cbr_budget_funds.xlsx
01-04-2014,rub,15679.0,1823.0,370.0,13317.0,170.0,https://www.cbr.ru/vfs/statistics/banksector/borrowings/02_29_Budget_all.xlsx,cbr_budget_funds.xlsx
01-04-2014,total,53365.0,7914.0,412.0,44325.0,715.0,https://www.cbr.ru/vfs/statistics/banksector/borrowings/02_29_Budget_all.xlsx,cbr_budget_funds.xlsx
01-05-2014,foreign_currency_and_precious_metals,34692.0,5328.0,42.0,29307.0,15.0,https://www.cbr.ru/vfs/statistics/banksector/borrowings/02_29_Budget_all.xlsx,cbr_budget_funds.xlsx
01-05-2014,rub,17656.0,2143.0,587.0,14760.0,165.0,https://www.cbr.ru/vfs/statistics/banksector/borrowings/02_29_Budget_all.xlsx,cbr_budget_funds.xlsx
01-05-2014,total,52348.0,7472.0,629.0,44067.0,180.0,https://www.cbr.ru/vfs/statistics/banksector/borrowings/02_29_Budget_all.xlsx,cbr_budget_funds.xlsx
01-06-2014,foreign_currency_and_precious_metals,48517.0,21129.0,34.0,27338.0,16.0,https://www.cbr.ru/vfs/statistics/banksector/borrowings/02_29_Budget_all.xlsx,cbr_budget_funds.xlsx
01-06-2014,rub,19011.0,2214.0,410.0,16235.0,152.0,https://www.cbr.ru/vfs/statistics/banksector/borrowings/02_29_Budget_all.xlsx,cbr_budget_funds.xlsx
01-06-2014,total,67528.0,23342.0,445.0,43573.0,168.0,https://www.cbr.ru/vfs/statistics/banksector/borrowings/02_29_Budget_all.xlsx,cbr_budget_funds.xlsx
01-07-2014,foreign_currency_and_precious_metals,47825.0,18121.0,34.0,29620.0,50.0,https://www.cbr.ru/vfs/statistics/banksector/borrowings/02_29_Budget_all.xlsx,cbr_budget_funds.xlsx
01-07-2014,rub,19912.0,2599.0,478.0,16687.0,148.0,https://www.cbr.ru/vfs/statistics/banksector/borrowings/02_29_Budget_all.xlsx,cbr_budget_funds.xlsx
01-07-2014,total,67737.0,20720.0,512.0,46307.0,198.0,https://www.cbr.ru/vfs/statistics/banksector/borrowings/02_29_Budget_all.xlsx,cbr_budget_funds.xlsx
01-08-2014,foreign_currency_and_precious_metals,50912.0,17949.0,35.0,32904.0,23.0,https://www.cbr.ru/vfs/statistics/banksector/borrowings/02_29_Budget_all.xlsx,cbr_budget_funds.xlsx
01-08-2014,rub,20192.0,2136.0,2568.0,15341.0,147.0,https://www.cbr.ru/vfs/statistics/banksector/borrowings/02_29_Budget_all.xlsx,cbr_budget_funds.xlsx
01-08-2014,total,71104.0,20085.0,2604.0,48245.0,170.0,https://www.cbr.ru/vfs/statistics/banksector/borrowings/02_29_Budget_all.xlsx,cbr_budget_funds.xlsx
01-09-2014,foreign_currency_and_precious_metals,54028.0,19782.0,37.0,33536.0,673.0,https://www.cbr.ru/vfs/statistics/banksector/borrowings/02_29_Budget_all.xlsx,cbr_budget_funds.xlsx
01-09-2014,rub,21101.0,2542.0,2609.0,15594.0,356.0,https://www.cbr.ru/vfs/statistics/banksector/borrowings/02_29_Budget_all.xlsx,cbr_budget_funds.xlsx
01-09-2014,total,75129.0,22324.0,2645.0,49130.0,1029.0,https://www.cbr.ru/vfs/statistics/banksector/borrowings/02_29_Budget_all.xlsx,cbr_budget_funds.xlsx
01-10-2014,foreign_currency_and_precious_metals,52232.0,15740.0,40.0,36423.0,29.0,https://www.cbr.ru/vfs/statistics/banksector/borrowings/02_29_Budget_all.xlsx,cbr_budget_funds.xlsx
01-10-2014,rub,18161.0,2003.0,470.0,15339.0,349.0,https://www.cbr.ru/vfs/statistics/banksector/borrowings/02_29_Budget_all.xlsx,cbr_budget_funds.xlsx
01-10-2014,total,70393.0,17743.0,509.0,51762.0,378.0,https://www.cbr.ru/vfs/statistics/banksector/borrowings/02_29_Budget_all.xlsx,cbr_budget_funds.xlsx
01-11-2014,foreign_currency_and_precious_metals,51700.0,11222.0,43.0,40407.0,28.0,https://www.cbr.ru/vfs/statistics/banksector/borrowings/02_29_Budget_all.xlsx,cbr_budget_funds.xlsx
01-11-2014,rub,18064.0,2368.0,509.0,14853.0,335.0,https://www.cbr.ru/vfs/statistics/banksector/borrowings/02_29_Budget_all.xlsx,cbr_budget_funds.xlsx
01-11-2014,total,69764.0,13590.0,552.0,55260.0,363.0,https://www.cbr.ru/vfs/statistics/banksector/borrowings/02_29_Budget_all.xlsx,cbr_budget_funds.xlsx
01-12-2014,foreign_currency_and_precious_metals,56380.0,9270.0,50.0,46934.0,127.0,https://www.cbr.ru/vfs/statistics/banksector/borrowings/02_29_Budget_all.xlsx,cbr_budget_funds.xlsx
01-12-2014,rub,18319.0,2277.0,284.0,15422.0,337.0,https://www.cbr.ru/vfs/statistics/banksector/borrowings/02_29_Budget_all.xlsx,cbr_budget_funds.xlsx
01-12-2014,total,74700.0,11547.0,334.0,62355.0,464.0,https://www.cbr.ru/vfs/statistics/banksector/borrowings/02_29_Budget_all.xlsx,cbr_budget_funds.xlsx
01-01-2015,foreign_currency_and_precious_metals,57868.0,282.0,56.0,57529.0,1.0,https://www.cbr.ru/vfs/statistics/banksector/borrowings/02_29_Budget_all.xlsx,cbr_budget_funds.xlsx
01-01-2015,rub,14404.0,4.0,341.0,13980.0,79.0,https://www.cbr.ru/vfs/statistics/banksector/borrowings/02_29_Budget_all.xlsx,cbr_budget_funds.xlsx
01-01-2015,total,72272.0,286.0,397.0,71508.0,81.0,https://www.cbr.ru/vfs/statistics/banksector/borrowings/02_29_Budget_all.xlsx,cbr_budget_funds.xlsx
01-02-2015,foreign_currency_and_precious_metals,73966.0,5877.0,69.0,68017.0,4.0,https://www.cbr.ru/vfs/statistics/banksector/borrowings/02_29_Budget_all.xlsx,cbr_budget_funds.xlsx
01-02-2015,rub,15948.0,1969.0,377.0,13504.0,98.0,https://www.cbr.ru/vfs/statistics/banksector/borrowings/02_29_Budget_all.xlsx,cbr_budget_funds.xlsx
01-02-2015,total,89914.0,7846.0,445.0,81521.0,102.0,https://www.cbr.ru/vfs/statistics/banksector/borrowings/02_29_Budget_all.xlsx,cbr_budget_funds.xlsx
01-03-2015,foreign_currency_and_precious_metals,74067.0,13829.0,61.0,60173.0,4.0,https://www.cbr.ru/vfs/statistics/banksector/borrowings/02_29_Budget_all.xlsx,cbr_budget_funds.xlsx
01-03-2015,rub,16208.0,2498.0,226.0,13381.0,103.0,https://www.cbr.ru/vfs/statistics/banksector/borrowings/02_29_Budget_all.xlsx,cbr_budget_funds.xlsx
01-03-2015,total,90275.0,16327.0,287.0,73554.0,107.0,https://www.cbr.ru/vfs/statistics/banksector/borrowings/02_29_Budget_all.xlsx,cbr_budget_funds.xlsx
01-04-2015,foreign_currency_and_precious_metals,76000.0,19931.0,58.0,56000.0,11.0,https://www.cbr.ru/vfs/statistics/banksector/borrowings/02_29_Budget_all.xlsx,cbr_budget_funds.xlsx
01-04-2015,rub,16122.0,1800.0,276.0,13927.0,119.0,https://www.cbr.ru/vfs/statistics/banksector/borrowings/02_29_Budget_all.xlsx,cbr_budget_funds.xlsx
01-04-2015,total,92122.0,21731.0,335.0,69928.0,130.0,https://www.cbr.ru/vfs/statistics/banksector/borrowings/02_29_Budget_all.xlsx,cbr_budget_funds.xlsx
01-05-2015,foreign_currency_and_precious_metals,63926.0,13624.0,52.0,50240.0,10.0,https://www.cbr.ru/vfs/statistics/banksector/borrowings/02_29_Budget_all.xlsx,cbr_budget_funds.xlsx
01-05-2015,rub,14617.0,2382.0,105.0,12012.0,119.0,https://www.cbr.ru/vfs/statistics/banksector/borrowings/02_29_Budget_all.xlsx,cbr_budget_funds.xlsx
01-05-2015,total,78543.0,16007.0,156.0,62251.0,129.0,https://www.cbr.ru/vfs/statistics/banksector/borrowings/02_29_Budget_all.xlsx,cbr_budget_funds.xlsx
01-06-2015,foreign_currency_and_precious_metals,71049.0,21937.0,53.0,48667.0,391.0,https://www.cbr.ru/vfs/statistics/banksector/borrowings/02_29_Budget_all.xlsx,cbr_budget_funds.xlsx
01-06-2015,rub,12418.0,1924.0,257.0,10126.0,112.0,https://www.cbr.ru/vfs/statistics/banksector/borrowings/02_29_Budget_all.xlsx,cbr_budget_funds.xlsx
01-06-2015,total,83467.0,23861.0,310.0,58793.0,503.0,https://www.cbr.ru/vfs/statistics/banksector/borrowings/02_29_Budget_all.xlsx,cbr_budget_funds.xlsx
01-07-2015,foreign_currency_and_precious_metals,71811.0,22765.0,56.0,48977.0,14.0,https://www.cbr.ru/vfs/statistics/banksector/borrowings/02_29_Budget_all.xlsx,cbr_budget_funds.xlsx
01-07-2015,rub,12293.0,1997.0,562.0,9623.0,111.0,https://www.cbr.ru/vfs/statistics/banksector/borrowings/02_29_Budget_all.xlsx,cbr_budget_funds.xlsx
01-07-2015,total,84105.0,24762.0,618.0,58600.0,125.0,https://www.cbr.ru/vfs/statistics/banksector/borrowings/02_29_Budget_all.xlsx,cbr_budget_funds.xlsx
01-08-2015,foreign_currency_and_precious_metals,68624.0,17081.0,59.0,51463.0,20.0,https://www.cbr.ru/vfs/statistics/banksector/borrowings/02_29_Budget_all.xlsx,cbr_budget_funds.xlsx
01-08-2015,rub,10714.0,1586.0,2000.0,7016.0,112.0,https://www.cbr.ru/vfs/statistics/banksector/borrowings/02_29_Budget_all.xlsx,cbr_budget_funds.xlsx
01-08-2015,total,79337.0,18667.0,2059.0,58479.0,132.0,https://www.cbr.ru/vfs/statistics/banksector/borrowings/02_29_Budget_all.xlsx,cbr_budget_funds.xlsx
01-09-2015,foreign_currency_and_precious_metals,82690.0,21939.0,67.0,59941.0,743.0,https://www.cbr.ru/vfs/statistics/banksector/borrowings/02_29_Budget_all.xlsx,cbr_budget_funds.xlsx
01-09-2015,rub,10509.0,1933.0,2175.0,6294.0,107.0,https://www.cbr.ru/vfs/statistics/banksector/borrowings/02_29_Budget_all.xlsx,cbr_budget_funds.xlsx
01-09-2015,total,93199.0,23872.0,2242.0,66236.0,850.0,https://www.cbr.ru/vfs/statistics/banksector/borrowings/02_29_Budget_all.xlsx,cbr_budget_funds.xlsx
01-10-2015,foreign_currency_and_precious_metals,75543.0,16855.0,67.0,58592.0,30.0,https://www.cbr.ru/vfs/statistics/banksector/borrowings/02_29_Budget_all.xlsx,cbr_budget_funds.xlsx
01-10-2015,rub,8525.0,1780.0,264.0,6409.0,71.0,https://www.cbr.ru/vfs/statistics/banksector/borrowings/02_29_Budget_all.xlsx,cbr_budget_funds.xlsx
01-10-2015,total,84067.0,18635.0,331.0,65001.0,100.0,https://www.cbr.ru/vfs/statistics/banksector/borrowings/02_29_Budget_all.xlsx,cbr_budget_funds.xlsx
01-11-2015,foreign_currency_and_precious_metals,70610.0,15218.0,65.0,55296.0,32.0,https://www.cbr.ru/vfs/statistics/banksector/borrowings/02_29_Budget_all.xlsx,cbr_budget_funds.xlsx
01-11-2015,rub,8587.0,2159.0,121.0,6234.0,72.0,https://www.cbr.ru/vfs/statistics/banksector/borrowings/02_29_Budget_all.xlsx,cbr_budget_funds.xlsx
01-11-2015,total,79197.0,17377.0,186.0,61530.0,104.0,https://www.cbr.ru/vfs/statistics/banksector/borrowings/02_29_Budget_all.xlsx,cbr_budget_funds.xlsx
01-12-2015,foreign_currency_and_precious_metals,72113.0,14770.0,68.0,56564.0,711.0,https://www.cbr.ru/vfs/statistics/banksector/borrowings/02_29_Budget_all.xlsx,cbr_budget_funds.xlsx
01-12-2015,rub,8616.0,1941.0,100.0,6498.0,78.0,https://www.cbr.ru/vfs/statistics/banksector/borrowings/02_29_Budget_all.xlsx,cbr_budget_funds.xlsx
01-12-2015,total,80729.0,16710.0,167.0,63062.0,789.0,https://www.cbr.ru/vfs/statistics/banksector/borrowings/02_29_Budget_all.xlsx,cbr_budget_funds.xlsx
01-01-2016,foreign_currency_and_precious_metals,61943.0,366.0,73.0,61503.0,1.0,https://www.cbr.ru/vfs/statistics/banksector/borrowings/02_29_Budget_all.xlsx,cbr_budget_funds.xlsx
01-01-2016,rub,4597.0,0.0,211.0,4313.0,72.0,https://www.cbr.ru/vfs/statistics/banksector/borrowings/02_29_Budget_all.xlsx,cbr_budget_funds.xlsx
01-01-2016,total,66539.0,366.0,284.0,65816.0,74.0,https://www.cbr.ru/vfs/statistics/banksector/borrowings/02_29_Budget_all.xlsx,cbr_budget_funds.xlsx
01-02-2016,foreign_currency_and_precious_metals,66627.0,3052.0,77.0,63495.0,4.0,https://www.cbr.ru/vfs/statistics/banksector/borrowings/02_29_Budget_all.xlsx,cbr_budget_funds.xlsx
01-02-2016,rub,6703.0,1939.0,154.0,4525.0,85.0,https://www.cbr.ru/vfs/statistics/banksector/borrowings/02_29_Budget_all.xlsx,cbr_budget_funds.xlsx
01-02-2016,total,73330.0,4991.0,231.0,68020.0,88.0,https://www.cbr.ru/vfs/statistics/banksector/borrowings/02_29_Budget_all.xlsx,cbr_budget_funds.xlsx
01-03-2016,foreign_currency_and_precious_metals,65871.0,2453.0,77.0,63326.0,16.0,https://www.cbr.ru/vfs/statistics/banksector/borrowings/02_29_Budget_all.xlsx,cbr_budget_funds.xlsx
01-03-2016,rub,6712.0,1914.0,112.0,4598.0,88.0,https://www.cbr.ru/vfs/statistics/banksector/borrowings/02_29_Budget_all.xlsx,cbr_budget_funds.xlsx
01-03-2016,total,72583.0,4367.0,189.0,67924.0,103.0,https://www.cbr.ru/vfs/statistics/banksector/borrowings/02_29_Budget_all.xlsx,cbr_budget_funds.xlsx
01-04-2016,foreign_currency_and_precious_metals,69593.0,12401.0,69.0,56831.0,291.0,https://www.cbr.ru/vfs/statistics/banksector/borrowings/02_29_Budget_all.xlsx,cbr_budget_funds.xlsx
01-04-2016,rub,6650.0,1495.0,218.0,4869.0,69.0,https://www.cbr.ru/vfs/statistics/banksector/borrowings/02_29_Budget_all.xlsx,cbr_budget_funds.xlsx
01-04-2016,total,76244.0,13896.0,287.0,61701.0,360.0,https://www.cbr.ru/vfs/statistics/banksector/borrowings/02_29_Budget_all.xlsx,cbr_budget_funds.xlsx
01-05-2016,foreign_currency_and_precious_metals,73168.0,18774.0,66.0,54305.0,23.0,https://www.cbr.ru/vfs/statistics/banksector/borrowings/02_29_Budget_all.xlsx,cbr_budget_funds.xlsx
01-05-2016,rub,6846.0,1568.0,76.0,5130.0,72.0,https://www.cbr.ru/vfs/statistics/banksector/borrowings/02_29_Budget_all.xlsx,cbr_budget_funds.xlsx
01-05-2016,total,80014.0,20342.0,142.0,59435.0,95.0,https://www.cbr.ru/vfs/statistics/banksector/borrowings/02_29_Budget_all.xlsx,cbr_budget_funds.xlsx
01-06-2016,foreign_currency_and_precious_metals,80284.0,23666.0,68.0,55839.0,710.0,https://www.cbr.ru/vfs/statistics/banksector/borrowings/02_29_Budget_all.xlsx,cbr_budget_funds.xlsx
01-06-2016,rub,7045.0,2157.0,92.0,4723.0,74.0,https://www.cbr.ru/vfs/statistics/banksector/borrowings/02_29_Budget_all.xlsx,cbr_budget_funds.xlsx
01-06-2016,total,87329.0,25823.0,160.0,60562.0,784.0,https://www.cbr.ru/vfs/statistics/banksector/borrowings/02_29_Budget_all.xlsx,cbr_budget_funds.xlsx
01-07-2016,foreign_currency_and_precious_metals,64750.0,20159.0,65.0,44506.0,21.0,https://www.cbr.ru/vfs/statistics/banksector/borrowings/02_29_Budget_all.xlsx,cbr_budget_funds.xlsx
01-07-2016,rub,6574.0,1917.0,238.0,4360.0,59.0,https://www.cbr.ru/vfs/statistics/banksector/borrowings/02_29_Budget_all.xlsx,cbr_budget_funds.xlsx
01-07-2016,total,71324.0,22076.0,302.0,48866.0,79.0,https://www.cbr.ru/vfs/statistics/banksector/borrowings/02_29_Budget_all.xlsx,cbr_budget_funds.xlsx
01-08-2016,foreign_currency_and_precious_metals,23148.0,18097.0,68.0,4962.0,21.0,https://www.cbr.ru/vfs/statistics/banksector/borrowings/02_29_Budget_all.xlsx,cbr_budget_funds.xlsx
01-08-2016,rub,10648.0,1681.0,1686.0,7222.0,59.0,https://www.cbr.ru/vfs/statistics/banksector/borrowings/02_29_Budget_all.xlsx,cbr_budget_funds.xlsx
01-08-2016,total,33796.0,19779.0,1754.0,12184.0,80.0,https://www.cbr.ru/vfs/statistics/banksector/borrowings/02_29_Budget_all.xlsx,cbr_budget_funds.xlsx
01-09-2016,foreign_currency_and_precious_metals,26993.0,22239.0,65.0,4667.0,22.0,https://www.cbr.ru/vfs/statistics/banksector/borrowings/02_29_Budget_all.xlsx,cbr_budget_funds.xlsx
01-09-2016,rub,11945.0,1644.0,2090.0,8157.0,54.0,https://www.cbr.ru/vfs/statistics/banksector/borrowings/02_29_Budget_all.xlsx,cbr_budget_funds.xlsx
01-09-2016,total,38938.0,23883.0,2155.0,12824.0,75.0,https://www.cbr.ru/vfs/statistics/banksector/borrowings/02_29_Budget_all.xlsx,cbr_budget_funds.xlsx
01-10-2016,foreign_currency_and_precious_metals,21590.0,16499.0,64.0,5007.0,22.0,https://www.cbr.ru/vfs/statistics/banksector/borrowings/02_29_Budget_all.xlsx,cbr_budget_funds.xlsx
01-10-2016,rub,6700.0,1535.0,386.0,4721.0,58.0,https://www.cbr.ru/vfs/statistics/banksector/borrowings/02_29_Budget_all.xlsx,cbr_budget_funds.xlsx
01-10-2016,total,28290.0,18034.0,449.0,9728.0,79.0,https://www.cbr.ru/vfs/statistics/banksector/borrowings/02_29_Budget_all.xlsx,cbr_budget_funds.xlsx
01-11-2016,foreign_currency_and_precious_metals,17052.0,12804.0,64.0,4161.0,23.0,https://www.cbr.ru/vfs/statistics/banksector/borrowings/02_29_Budget_all.xlsx,cbr_budget_funds.xlsx
01-11-2016,rub,6804.0,1699.0,53.0,4984.0,67.0,https://www.cbr.ru/vfs/statistics/banksector/borrowings/02_29_Budget_all.xlsx,cbr_budget_funds.xlsx
01-11-2016,total,23855.0,14503.0,118.0,9145.0,90.0,https://www.cbr.ru/vfs/statistics/banksector/borrowings/02_29_Budget_all.xlsx,cbr_budget_funds.xlsx
01-12-2016,foreign_currency_and_precious_metals,19962.0,15424.0,66.0,4216.0,257.0,https://www.cbr.ru/vfs/statistics/banksector/borrowings/02_29_Budget_all.xlsx,cbr_budget_funds.xlsx
01-12-2016,rub,6959.0,1769.0,111.0,5011.0,67.0,https://www.cbr.ru/vfs/statistics/banksector/borrowings/02_29_Budget_all.xlsx,cbr_budget_funds.xlsx
01-12-2016,total,26921.0,17193.0,176.0,9227.0,324.0,https://www.cbr.ru/vfs/statistics/banksector/borrowings/02_29_Budget_all.xlsx,cbr_budget_funds.xlsx
01-01-2017,foreign_currency_and_precious_metals,4320.0,306.0,61.0,3953.0,1.0,https://www.cbr.ru/vfs/statistics/banksector/borrowings/02_29_Budget_all.xlsx,cbr_budget_funds.xlsx
01-01-2017,rub,3931.0,1.0,26.0,3838.0,66.0,https://www.cbr.ru/vfs/statistics/banksector/borrowings/02_29_Budget_all.xlsx,cbr_budget_funds.xlsx
01-01-2017,total,8252.0,307.0,87.0,7790.0,67.0,https://www.cbr.ru/vfs/statistics/banksector/borrowings/02_29_Budget_all.xlsx,cbr_budget_funds.xlsx
01-02-2017,foreign_currency_and_precious_metals,12643.0,8175.0,61.0,4405.0,3.0,https://www.cbr.ru/vfs/statistics/banksector/borrowings/02_29_Budget_all.xlsx,cbr_budget_funds.xlsx
01-02-2017,rub,5652.0,1665.0,109.0,3815.0,64.0,https://www.cbr.ru/vfs/statistics/banksector/borrowings/02_29_Budget_all.xlsx,cbr_budget_funds.xlsx
01-02-2017,total,18295.0,9839.0,170.0,8220.0,66.0,https://www.cbr.ru/vfs/statistics/banksector/borrowings/02_29_Budget_all.xlsx,cbr_budget_funds.xlsx
01-03-2017,foreign_currency_and_precious_metals,24144.0,19540.0,59.0,4542.0,2.0,https://www.cbr.ru/vfs/statistics/banksector/borrowings/02_29_Budget_all.xlsx,cbr_budget_funds.xlsx
01-03-2017,rub,5854.0,1764.0,67.0,3959.0,64.0,https://www.cbr.ru/vfs/statistics/banksector/borrowings/02_29_Budget_all.xlsx,cbr_budget_funds.xlsx
01-03-2017,total,29998.0,21304.0,126.0,8502.0,66.0,https://www.cbr.ru/vfs/statistics/banksector/borrowings/02_29_Budget_all.xlsx,cbr_budget_funds.xlsx
01-04-2017,foreign_currency_and_precious_metals,20702.0,15474.0,57.0,5165.0,6.0,https://www.cbr.ru/vfs/statistics/banksector/borrowings/02_29_Budget_all.xlsx,cbr_budget_funds.xlsx
01-04-2017,rub,6011.0,1259.0,132.0,4555.0,65.0,https://www.cbr.ru/vfs/statistics/banksector/borrowings/02_29_Budget_all.xlsx,cbr_budget_funds.xlsx
01-04-2017,total,26713.0,16733.0,189.0,9721.0,70.0,https://www.cbr.ru/vfs/statistics/banksector/borrowings/02_29_Budget_all.xlsx,cbr_budget_funds.xlsx
01-05-2017,foreign_currency_and_precious_metals,29325.0,24267.0,58.0,5000.0,0.0,https://www.cbr.ru/vfs/statistics/banksector/borrowings/02_29_Budget_all.xlsx,cbr_budget_funds.xlsx
01-05-2017,rub,6775.0,1468.0,82.0,5152.0,73.0,https://www.cbr.ru/vfs/statistics/banksector/borrowings/02_29_Budget_all.xlsx,cbr_budget_funds.xlsx
01-05-2017,total,36100.0,25735.0,140.0,10152.0,73.0,https://www.cbr.ru/vfs/statistics/banksector/borrowings/02_29_Budget_all.xlsx,cbr_budget_funds.xlsx
01-06-2017,foreign_currency_and_precious_metals,28735.0,24357.0,58.0,4320.0,1.0,https://www.cbr.ru/vfs/statistics/banksector/borrowings/02_29_Budget_all.xlsx,cbr_budget_funds.xlsx
01-06-2017,rub,6385.0,1504.0,150.0,4649.0,83.0,https://www.cbr.ru/vfs/statistics/banksector/borrowings/02_29_Budget_all.xlsx,cbr_budget_funds.xlsx
01-06-2017,total,35120.0,25861.0,208.0,8969.0,83.0,https://www.cbr.ru/vfs/statistics/banksector/borrowings/02_29_Budget_all.xlsx,cbr_budget_funds.xlsx
01-07-2017,foreign_currency_and_precious_metals,37924.0,33476.0,60.0,4380.0,8.0,https://www.cbr.ru/vfs/statistics/banksector/borrowings/02_29_Budget_all.xlsx,cbr_budget_funds.xlsx
01-07-2017,rub,7415.0,1251.0,480.0,5403.0,281.0,https://www.cbr.ru/vfs/statistics/banksector/borrowings/02_29_Budget_all.xlsx,cbr_budget_funds.xlsx
01-07-2017,total,45339.0,34728.0,540.0,9783.0,288.0,https://www.cbr.ru/vfs/statistics/banksector/borrowings/02_29_Budget_all.xlsx,cbr_budget_funds.xlsx
01-08-2017,foreign_currency_and_precious_metals,34375.0,29101.0,61.0,5204.0,10.0,https://www.cbr.ru/vfs/statistics/banksector/borrowings/02_29_Budget_all.xlsx,cbr_budget_funds.xlsx
01-08-2017,rub,10789.0,1292.0,1729.0,6927.0,842.0,https://www.cbr.ru/vfs/statistics/banksector/borrowings/02_29_Budget_all.xlsx,cbr_budget_funds.xlsx
01-08-2017,total,45164.0,30392.0,1789.0,12131.0,851.0,https://www.cbr.ru/vfs/statistics/banksector/borrowings/02_29_Budget_all.xlsx,cbr_budget_funds.xlsx
01-09-2017,foreign_currency_and_precious_metals,32229.0,27246.0,60.0,4913.0,11.0,https://www.cbr.ru/vfs/statistics/banksector/borrowings/02_29_Budget_all.xlsx,cbr_budget_funds.xlsx
01-09-2017,rub,9696.0,1453.0,1859.0,5824.0,559.0,https://www.cbr.ru/vfs/statistics/banksector/borrowings/02_29_Budget_all.xlsx,cbr_budget_funds.xlsx
01-09-2017,total,41925.0,28699.0,1919.0,10737.0,570.0,https://www.cbr.ru/vfs/statistics/banksector/borrowings/02_29_Budget_all.xlsx,cbr_budget_funds.xlsx
01-10-2017,foreign_currency_and_precious_metals,31776.0,26617.0,131.0,5001.0,26.0,https://www.cbr.ru/vfs/statistics/banksector/borrowings/02_29_Budget_all.xlsx,cbr_budget_funds.xlsx
01-10-2017,rub,8724.0,1848.0,254.0,6005.0,617.0,https://www.cbr.ru/vfs/statistics/banksector/borrowings/02_29_Budget_all.xlsx,cbr_budget_funds.xlsx
01-10-2017,total,40499.0,28465.0,384.0,11006.0,644.0,https://www.cbr.ru/vfs/statistics/banksector/borrowings/02_29_Budget_all.xlsx,cbr_budget_funds.xlsx
01-11-2017,foreign_currency_and_precious_metals,26320.0,19859.0,61.0,6367.0,34.0,https://www.cbr.ru/vfs/statistics/banksector/borrowings/02_29_Budget_all.xlsx,cbr_budget_funds.xlsx
01-11-2017,rub,8192.0,1638.0,159.0,5828.0,566.0,https://www.cbr.ru/vfs/statistics/banksector/borrowings/02_29_Budget_all.xlsx,cbr_budget_funds.xlsx
01-11-2017,total,34511.0,21497.0,220.0,12194.0,600.0,https://www.cbr.ru/vfs/statistics/banksector/borrowings/02_29_Budget_all.xlsx,cbr_budget_funds.xlsx
01-12-2017,foreign_currency_and_precious_metals,23815.0,17701.0,60.0,6017.0,37.0,https://www.cbr.ru/vfs/statistics/banksector/borrowings/02_29_Budget_all.xlsx,cbr_budget_funds.xlsx
01-12-2017,rub,8025.0,1757.0,163.0,5164.0,941.0,https://www.cbr.ru/vfs/statistics/banksector/borrowings/02_29_Budget_all.xlsx,cbr_budget_funds.xlsx
01-12-2017,total,31840.0,19458.0,223.0,11182.0,978.0,https://www.cbr.ru/vfs/statistics/banksector/borrowings/02_29_Budget_all.xlsx,cbr_budget_funds.xlsx
01-01-2018,foreign_currency_and_precious_metals,6282.0,297.0,59.0,5920.0,6.0,https://www.cbr.ru/vfs/statistics/banksector/borrowings/02_29_Budget_all.xlsx,cbr_budget_funds.xlsx
01-01-2018,rub,4722.0,1.0,55.0,4024.0,642.0,https://www.cbr.ru/vfs/statistics/banksector/borrowings/02_29_Budget_all.xlsx,cbr_budget_funds.xlsx
01-01-2018,total,11005.0,299.0,114.0,9944.0,648.0,https://www.cbr.ru/vfs/statistics/banksector/borrowings/02_29_Budget_all.xlsx,cbr_budget_funds.xlsx
01-02-2018,foreign_currency_and_precious_metals,32715.0,26665.0,59.0,5981.0,10.0,https://www.cbr.ru/vfs/statistics/banksector/borrowings/02_29_Budget_all.xlsx,cbr_budget_funds.xlsx
01-02-2018,rub,10923.0,1870.0,466.0,7537.0,1050.0,https://www.cbr.ru/vfs/statistics/banksector/borrowings/02_29_Budget_all.xlsx,cbr_budget_funds.xlsx
01-02-2018,total,43638.0,28535.0,525.0,13518.0,1060.0,https://www.cbr.ru/vfs/statistics/banksector/borrowings/02_29_Budget_all.xlsx,cbr_budget_funds.xlsx
01-03-2018,foreign_currency_and_precious_metals,30563.0,25582.0,57.0,4911.0,12.0,https://www.cbr.ru/vfs/statistics/banksector/borrowings/02_29_Budget_all.xlsx,cbr_budget_funds.xlsx
01-03-2018,rub,11376.0,1604.0,90.0,9423.0,259.0,https://www.cbr.ru/vfs/statistics/banksector/borrowings/02_29_Budget_all.xlsx,cbr_budget_funds.xlsx
01-03-2018,total,41938.0,27186.0,147.0,14334.0,271.0,https://www.cbr.ru/vfs/statistics/banksector/borrowings/02_29_Budget_all.xlsx,cbr_budget_funds.xlsx
01-04-2018,foreign_currency_and_precious_metals,31018.0,25039.0,59.0,5904.0,16.0,https://www.cbr.ru/vfs/statistics/banksector/borrowings/02_29_Budget_all.xlsx,cbr_budget_funds.xlsx
01-04-2018,rub,6179.0,1149.0,85.0,4743.0,201.0,https://www.cbr.ru/vfs/statistics/banksector/borrowings/02_29_Budget_all.xlsx,cbr_budget_funds.xlsx
01-04-2018,total,37198.0,26189.0,144.0,10648.0,217.0,https://www.cbr.ru/vfs/statistics/banksector/borrowings/02_29_Budget_all.xlsx,cbr_budget_funds.xlsx
01-05-2018,foreign_currency_and_precious_metals,38507.0,32497.0,64.0,5931.0,15.0,https://www.cbr.ru/vfs/statistics/banksector/borrowings/02_29_Budget_all.xlsx,cbr_budget_funds.xlsx
01-05-2018,rub,6557.0,1660.0,116.0,4689.0,93.0,https://www.cbr.ru/vfs/statistics/banksector/borrowings/02_29_Budget_all.xlsx,cbr_budget_funds.xlsx
01-05-2018,total,45064.0,34157.0,179.0,10620.0,108.0,https://www.cbr.ru/vfs/statistics/banksector/borrowings/02_29_Budget_all.xlsx,cbr_budget_funds.xlsx
01-06-2018,foreign_currency_and_precious_metals,42073.0,33924.0,64.0,8068.0,17.0,https://www.cbr.ru/vfs/statistics/banksector/borrowings/02_29_Budget_all.xlsx,cbr_budget_funds.xlsx
01-06-2018,rub,6650.0,1491.0,115.0,4432.0,612.0,https://www.cbr.ru/vfs/statistics/banksector/borrowings/02_29_Budget_all.xlsx,cbr_budget_funds.xlsx
01-06-2018,total,48724.0,35415.0,180.0,12500.0,629.0,https://www.cbr.ru/vfs/statistics/banksector/borrowings/02_29_Budget_all.xlsx,cbr_budget_funds.xlsx
01-07-2018,foreign_currency_and_precious_metals,45783.0,37970.0,64.0,7727.0,22.0,https://www.cbr.ru/vfs/statistics/banksector/borrowings/02_29_Budget_all.xlsx,cbr_budget_funds.xlsx
01-07-2018,rub,7534.0,1242.0,933.0,4778.0,581.0,https://www.cbr.ru/vfs/statistics/banksector/borrowings/02_29_Budget_all.xlsx,cbr_budget_funds.xlsx
01-07-2018,total,53317.0,39211.0,998.0,12505.0,603.0,https://www.cbr.ru/vfs/statistics/banksector/borrowings/02_29_Budget_all.xlsx,cbr_budget_funds.xlsx
01-08-2018,foreign_currency_and_precious_metals,51650.0,41541.0,65.0,10023.0,22.0,https://www.cbr.ru/vfs/statistics/banksector/borrowings/02_29_Budget_all.xlsx,cbr_budget_funds.xlsx
01-08-2018,rub,9361.0,1232.0,3046.0,4332.0,751.0,https://www.cbr.ru/vfs/statistics/banksector/borrowings/02_29_Budget_all.xlsx,cbr_budget_funds.xlsx
01-08-2018,total,61011.0,42773.0,3110.0,14355.0,773.0,https://www.cbr.ru/vfs/statistics/banksector/borrowings/02_29_Budget_all.xlsx,cbr_budget_funds.xlsx
01-09-2018,foreign_currency_and_precious_metals,45728.0,35301.0,70.0,10332.0,25.0,https://www.cbr.ru/vfs/statistics/banksector/borrowings/02_29_Budget_all.xlsx,cbr_budget_funds.xlsx
01-09-2018,rub,10136.0,1453.0,3226.0,4646.0,810.0,https://www.cbr.ru/vfs/statistics/banksector/borrowings/02_29_Budget_all.xlsx,cbr_budget_funds.xlsx
01-09-2018,total,55864.0,36754.0,3296.0,14978.0,835.0,https://www.cbr.ru/vfs/statistics/banksector/borrowings/02_29_Budget_all.xlsx,cbr_budget_funds.xlsx
01-10-2018,foreign_currency_and_precious_metals,37614.0,27761.0,68.0,9593.0,193.0,https://www.cbr.ru/vfs/statistics/banksector/borrowings/02_29_Budget_all.xlsx,cbr_budget_funds.xlsx
01-10-2018,rub,6908.0,1492.0,246.0,4393.0,778.0,https://www.cbr.ru/vfs/statistics/banksector/borrowings/02_29_Budget_all.xlsx,cbr_budget_funds.xlsx
01-10-2018,total,44522.0,29253.0,313.0,13985.0,971.0,https://www.cbr.ru/vfs/statistics/banksector/borrowings/02_29_Budget_all.xlsx,cbr_budget_funds.xlsx
01-11-2018,foreign_currency_and_precious_metals,35512.0,25054.0,68.0,10359.0,31.0,https://www.cbr.ru/vfs/statistics/banksector/borrowings/02_29_Budget_all.xlsx,cbr_budget_funds.xlsx
01-11-2018,rub,6067.0,1446.0,74.0,3845.0,702.0,https://www.cbr.ru/vfs/statistics/banksector/borrowings/02_29_Budget_all.xlsx,cbr_budget_funds.xlsx
01-11-2018,total,41579.0,26500.0,142.0,14204.0,733.0,https://www.cbr.ru/vfs/statistics/banksector/borrowings/02_29_Budget_all.xlsx,cbr_budget_funds.xlsx
01-12-2018,foreign_currency_and_precious_metals,30824.0,21566.0,69.0,9171.0,18.0,https://www.cbr.ru/vfs/statistics/banksector/borrowings/02_29_Budget_all.xlsx,cbr_budget_funds.xlsx
01-12-2018,rub,5674.0,1455.0,118.0,3788.0,312.0,https://www.cbr.ru/vfs/statistics/banksector/borrowings/02_29_Budget_all.xlsx,cbr_budget_funds.xlsx
01-12-2018,total,36499.0,23021.0,187.0,12960.0,331.0,https://www.cbr.ru/vfs/statistics/banksector/borrowings/02_29_Budget_all.xlsx,cbr_budget_funds.xlsx
01-01-2019,foreign_currency_and_precious_metals,8770.0,361.0,72.0,8317.0,20.0,https://www.cbr.ru/vfs/statistics/banksector/borrowings/02_29_Budget_all.xlsx,cbr_budget_funds.xlsx
01-01-2019,rub,2743.0,2.0,14.0,2629.0,98.0,https://www.cbr.ru/vfs/statistics/banksector/borrowings/02_29_Budget_all.xlsx,cbr_budget_funds.xlsx
01-01-2019,total,11513.0,363.0,85.0,10946.0,118.0,https://www.cbr.ru/vfs/statistics/banksector/borrowings/02_29_Budget_all.xlsx,cbr_budget_funds.xlsx
01-02-2019,foreign_currency_and_precious_metals,24733.0,16904.0,68.0,7748.0,13.0,https://www.cbr.ru/vfs/statistics/banksector/borrowings/02_29_Budget_all.xlsx,cbr_budget_funds.xlsx
01-02-2019,rub,4861.0,1477.0,87.0,3181.0,116.0,https://www.cbr.ru/vfs/statistics/banksector/borrowings/02_29_Budget_all.xlsx,cbr_budget_funds.xlsx
01-02-2019,total,29594.0,18380.0,156.0,10929.0,128.0,https://www.cbr.ru/vfs/statistics/banksector/borrowings/02_29_Budget_all.xlsx,cbr_budget_funds.xlsx
01-03-2019,foreign_currency_and_precious_metals,16631.0,9197.0,68.0,7350.0,15.0,https://www.cbr.ru/vfs/statistics/banksector/borrowings/02_29_Budget_all.xlsx,cbr_budget_funds.xlsx
01-03-2019,rub,5373.0,1417.0,79.0,3782.0,95.0,https://www.cbr.ru/vfs/statistics/banksector/borrowings/02_29_Budget_all.xlsx,cbr_budget_funds.xlsx
01-03-2019,total,22003.0,10615.0,147.0,11132.0,109.0,https://www.cbr.ru/vfs/statistics/banksector/borrowings/02_29_Budget_all.xlsx,cbr_budget_funds.xlsx
01-04-2019,foreign_currency_and_precious_metals,18766.0,10092.0,67.0,6764.0,1843.0,https://www.cbr.ru/vfs/statistics/banksector/borrowings/02_29_Budget_all.xlsx,cbr_budget_funds.xlsx
01-04-2019,rub,4630.0,1243.0,117.0,3169.0,100.0,https://www.cbr.ru/vfs/statistics/banksector/borrowings/02_29_Budget_all.xlsx,cbr_budget_funds.xlsx
01-04-2019,total,23396.0,11335.0,184.0,9934.0,1943.0,https://www.cbr.ru/vfs/statistics/banksector/borrowings/02_29_Budget_all.xlsx,cbr_budget_funds.xlsx
01-05-2019,foreign_currency_and_precious_metals,27341.0,17206.0,67.0,10036.0,32.0,https://www.cbr.ru/vfs/statistics/banksector/borrowings/02_29_Budget_all.xlsx,cbr_budget_funds.xlsx
01-05-2019,rub,4963.0,1473.0,54.0,3397.0,38.0,https://www.cbr.ru/vfs/statistics/banksector/borrowings/02_29_Budget_all.xlsx,cbr_budget_funds.xlsx
01-05-2019,total,32305.0,18680.0,121.0,13434.0,70.0,https://www.cbr.ru/vfs/statistics/banksector/borrowings/02_29_Budget_all.xlsx,cbr_budget_funds.xlsx
01-06-2019,foreign_currency_and_precious_metals,31767.0,19069.0,67.0,12604.0,26.0,https://www.cbr.ru/vfs/statistics/banksector/borrowings/02_29_Budget_all.xlsx,cbr_budget_funds.xlsx
01-06-2019,rub,5099.0,1260.0,41.0,3134.0,665.0,https://www.cbr.ru/vfs/statistics/banksector/borrowings/02_29_Budget_all.xlsx,cbr_budget_funds.xlsx
01-06-2019,total,36866.0,20329.0,108.0,15738.0,691.0,https://www.cbr.ru/vfs/statistics/banksector/borrowings/02_29_Budget_all.xlsx,cbr_budget_funds.xlsx
01-07-2019,foreign_currency_and_precious_metals,39537.0,24547.0,65.0,14897.0,28.0,https://www.cbr.ru/vfs/statistics/banksector/borrowings/02_29_Budget_all.xlsx,cbr_budget_funds.xlsx
01-07-2019,rub,6591.0,1487.0,1092.0,3026.0,986.0,https://www.cbr.ru/vfs/statistics/banksector/borrowings/02_29_Budget_all.xlsx,cbr_budget_funds.xlsx
01-07-2019,total,46128.0,26034.0,1157.0,17923.0,1014.0,https://www.cbr.ru/vfs/statistics/banksector/borrowings/02_29_Budget_all.xlsx,cbr_budget_funds.xlsx
01-08-2019,foreign_currency_and_precious_metals,37260.0,22819.0,68.0,14352.0,22.0,https://www.cbr.ru/vfs/statistics/banksector/borrowings/02_29_Budget_all.xlsx,cbr_budget_funds.xlsx
01-08-2019,rub,8050.0,1429.0,2926.0,3039.0,656.0,https://www.cbr.ru/vfs/statistics/banksector/borrowings/02_29_Budget_all.xlsx,cbr_budget_funds.xlsx
01-08-2019,total,45310.0,24247.0,2994.0,17391.0,678.0,https://www.cbr.ru/vfs/statistics/banksector/borrowings/02_29_Budget_all.xlsx,cbr_budget_funds.xlsx
01-09-2019,foreign_currency_and_precious_metals,38591.0,22388.0,72.0,16109.0,23.0,https://www.cbr.ru/vfs/statistics/banksector/borrowings/02_29_Budget_all.xlsx,cbr_budget_funds.xlsx
01-09-2019,rub,8488.0,1803.0,2942.0,3139.0,604.0,https://www.cbr.ru/vfs/statistics/banksector/borrowings/02_29_Budget_all.xlsx,cbr_budget_funds.xlsx
01-09-2019,total,47079.0,24191.0,3014.0,19247.0,627.0,https://www.cbr.ru/vfs/statistics/banksector/borrowings/02_29_Budget_all.xlsx,cbr_budget_funds.xlsx
01-10-2019,foreign_currency_and_precious_metals,38812.0,23208.0,67.0,15526.0,11.0,https://www.cbr.ru/vfs/statistics/banksector/borrowings/02_29_Budget_all.xlsx,cbr_budget_funds.xlsx
01-10-2019,rub,5616.0,1815.0,201.0,3071.0,529.0,https://www.cbr.ru/vfs/statistics/banksector/borrowings/02_29_Budget_all.xlsx,cbr_budget_funds.xlsx
01-10-2019,total,44428.0,25023.0,268.0,18596.0,540.0,https://www.cbr.ru/vfs/statistics/banksector/borrowings/02_29_Budget_all.xlsx,cbr_budget_funds.xlsx
01-11-2019,foreign_currency_and_precious_metals,33489.0,18168.0,67.0,15244.0,10.0,https://www.cbr.ru/vfs/statistics/banksector/borrowings/02_29_Budget_all.xlsx,cbr_budget_funds.xlsx
01-11-2019,rub,5339.0,1584.0,87.0,2931.0,736.0,https://www.cbr.ru/vfs/statistics/banksector/borrowings/02_29_Budget_all.xlsx,cbr_budget_funds.xlsx
01-11-2019,total,38828.0,19752.0,154.0,18175.0,746.0,https://www.cbr.ru/vfs/statistics/banksector/borrowings/02_29_Budget_all.xlsx,cbr_budget_funds.xlsx
01-12-2019,foreign_currency_and_precious_metals,28406.0,13572.0,67.0,14766.0,1.0,https://www.cbr.ru/vfs/statistics/banksector/borrowings/02_29_Budget_all.xlsx,cbr_budget_funds.xlsx
01-12-2019,rub,5862.0,1896.0,104.0,3299.0,563.0,https://www.cbr.ru/vfs/statistics/banksector/borrowings/02_29_Budget_all.xlsx,cbr_budget_funds.xlsx
01-12-2019,total,34269.0,15468.0,172.0,18065.0,564.0,https://www.cbr.ru/vfs/statistics/banksector/borrowings/02_29_Budget_all.xlsx,cbr_budget_funds.xlsx
01-01-2020,foreign_currency_and_precious_metals,16586.0,439.0,65.0,16082.0,1.0,https://www.cbr.ru/vfs/statistics/banksector/borrowings/02_29_Budget_all.xlsx,cbr_budget_funds.xlsx
01-01-2020,rub,3816.0,0.0,62.0,3738.0,16.0,https://www.cbr.ru/vfs/statistics/banksector/borrowings/02_29_Budget_all.xlsx,cbr_budget_funds.xlsx
01-01-2020,total,20403.0,439.0,126.0,19820.0,18.0,https://www.cbr.ru/vfs/statistics/banksector/borrowings/02_29_Budget_all.xlsx,cbr_budget_funds.xlsx
01-02-2020,foreign_currency_and_precious_metals,35076.0,17495.0,66.0,17510.0,4.0,https://www.cbr.ru/vfs/statistics/banksector/borrowings/02_29_Budget_all.xlsx,cbr_budget_funds.xlsx
01-02-2020,rub,5839.0,1525.0,81.0,4132.0,101.0,https://www.cbr.ru/vfs/statistics/banksector/borrowings/02_29_Budget_all.xlsx,cbr_budget_funds.xlsx
01-02-2020,total,40915.0,19020.0,146.0,21642.0,105.0,https://www.cbr.ru/vfs/statistics/banksector/borrowings/02_29_Budget_all.xlsx,cbr_budget_funds.xlsx
01-03-2020,foreign_currency_and_precious_metals,39417.0,21857.0,68.0,17488.0,4.0,https://www.cbr.ru/vfs/statistics/banksector/borrowings/02_29_Budget_all.xlsx,cbr_budget_funds.xlsx
01-03-2020,rub,5539.0,1298.0,107.0,4026.0,108.0,https://www.cbr.ru/vfs/statistics/banksector/borrowings/02_29_Budget_all.xlsx,cbr_budget_funds.xlsx
01-03-2020,total,44955.0,23155.0,175.0,21513.0,112.0,https://www.cbr.ru/vfs/statistics/banksector/borrowings/02_29_Budget_all.xlsx,cbr_budget_funds.xlsx
01-04-2020,foreign_currency_and_precious_metals,44571.0,23959.0,81.0,20486.0,45.0,https://www.cbr.ru/vfs/statistics/banksector/borrowings/02_29_Budget_all.xlsx,cbr_budget_funds.xlsx
01-04-2020,rub,9158.0,1346.0,114.0,7653.0,46.0,https://www.cbr.ru/vfs/statistics/banksector/borrowings/02_29_Budget_all.xlsx,cbr_budget_funds.xlsx
01-04-2020,total,53730.0,25305.0,195.0,28139.0,91.0,https://www.cbr.ru/vfs/statistics/banksector/borrowings/02_29_Budget_all.xlsx,cbr_budget_funds.xlsx
01-05-2020,foreign_currency_and_precious_metals,48045.0,27674.0,79.0,20282.0,10.0,https://www.cbr.ru/vfs/statistics/banksector/borrowings/02_29_Budget_all.xlsx,cbr_budget_funds.xlsx
01-05-2020,rub,9688.0,1291.0,126.0,8245.0,26.0,https://www.cbr.ru/vfs/statistics/banksector/borrowings/02_29_Budget_all.xlsx,cbr_budget_funds.xlsx
01-05-2020,total,57733.0,28965.0,205.0,28527.0,36.0,https://www.cbr.ru/vfs/statistics/banksector/borrowings/02_29_Budget_all.xlsx,cbr_budget_funds.xlsx
01-06-2020,foreign_currency_and_precious_metals,51604.0,31734.0,75.0,19200.0,594.0,https://www.cbr.ru/vfs/statistics/banksector/borrowings/02_29_Budget_all.xlsx,cbr_budget_funds.xlsx
01-06-2020,rub,10643.0,1380.0,93.0,9111.0,59.0,https://www.cbr.ru/vfs/statistics/banksector/borrowings/02_29_Budget_all.xlsx,cbr_budget_funds.xlsx
01-06-2020,total,62247.0,33113.0,169.0,28311.0,654.0,https://www.cbr.ru/vfs/statistics/banksector/borrowings/02_29_Budget_all.xlsx,cbr_budget_funds.xlsx
01-07-2020,foreign_currency_and_precious_metals,47682.0,28923.0,75.0,18529.0,155.0,https://www.cbr.ru/vfs/statistics/banksector/borrowings/02_29_Budget_all.xlsx,cbr_budget_funds.xlsx
01-07-2020,rub,16009.0,1154.0,657.0,13433.0,764.0,https://www.cbr.ru/vfs/statistics/banksector/borrowings/02_29_Budget_all.xlsx,cbr_budget_funds.xlsx
01-07-2020,total,63691.0,30077.0,732.0,31963.0,920.0,https://www.cbr.ru/vfs/statistics/banksector/borrowings/02_29_Budget_all.xlsx,cbr_budget_funds.xlsx
01-08-2020,foreign_currency_and_precious_metals,60123.0,40548.0,78.0,19494.0,2.0,https://www.cbr.ru/vfs/statistics/banksector/borrowings/02_29_Budget_all.xlsx,cbr_budget_funds.xlsx
01-08-2020,rub,10702.0,1112.0,3620.0,5483.0,486.0,https://www.cbr.ru/vfs/statistics/banksector/borrowings/02_29_Budget_all.xlsx,cbr_budget_funds.xlsx
01-08-2020,total,70825.0,41660.0,3699.0,24978.0,489.0,https://www.cbr.ru/vfs/statistics/banksector/borrowings/02_29_Budget_all.xlsx,cbr_budget_funds.xlsx
01-09-2020,foreign_currency_and_precious_metals,49730.0,30491.0,80.0,19144.0,15.0,https://www.cbr.ru/vfs/statistics/banksector/borrowings/02_29_Budget_all.xlsx,cbr_budget_funds.xlsx
01-09-2020,rub,12238.0,1490.0,5219.0,5093.0,436.0,https://www.cbr.ru/vfs/statistics/banksector/borrowings/02_29_Budget_all.xlsx,cbr_budget_funds.xlsx
01-09-2020,total,61968.0,31981.0,5299.0,24237.0,451.0,https://www.cbr.ru/vfs/statistics/banksector/borrowings/02_29_Budget_all.xlsx,cbr_budget_funds.xlsx
01-10-2020,foreign_currency_and_precious_metals,46506.0,25800.0,85.0,20614.0,8.0,https://www.cbr.ru/vfs/statistics/banksector/borrowings/02_29_Budget_all.xlsx,cbr_budget_funds.xlsx
01-10-2020,rub,6507.0,1628.0,367.0,4110.0,403.0,https://www.cbr.ru/vfs/statistics/banksector/borrowings/02_29_Budget_all.xlsx,cbr_budget_funds.xlsx
01-10-2020,total,53014.0,27428.0,451.0,24724.0,410.0,https://www.cbr.ru/vfs/statistics/banksector/borrowings/02_29_Budget_all.xlsx,cbr_budget_funds.xlsx
01-11-2020,foreign_currency_and_precious_metals,33281.0,20057.0,84.0,13122.0,18.0,https://www.cbr.ru/vfs/statistics/banksector/borrowings/02_29_Budget_all.xlsx,cbr_budget_funds.xlsx
01-11-2020,rub,5500.0,1205.0,93.0,3672.0,530.0,https://www.cbr.ru/vfs/statistics/banksector/borrowings/02_29_Budget_all.xlsx,cbr_budget_funds.xlsx
01-11-2020,total,38782.0,21262.0,178.0,16794.0,548.0,https://www.cbr.ru/vfs/statistics/banksector/borrowings/02_29_Budget_all.xlsx,cbr_budget_funds.xlsx
01-12-2020,foreign_currency_and_precious_metals,29257.0,16902.0,81.0,12266.0,9.0,https://www.cbr.ru/vfs/statistics/banksector/borrowings/02_29_Budget_all.xlsx,cbr_budget_funds.xlsx
01-12-2020,rub,5144.0,1492.0,68.0,2997.0,588.0,https://www.cbr.ru/vfs/statistics/banksector/borrowings/02_29_Budget_all.xlsx,cbr_budget_funds.xlsx
01-12-2020,total,34401.0,18394.0,148.0,15262.0,597.0,https://www.cbr.ru/vfs/statistics/banksector/borrowings/02_29_Budget_all.xlsx,cbr_budget_funds.xlsx
01-01-2021,foreign_currency_and_precious_metals,15099.0,3914.0,79.0,11104.0,3.0,https://www.cbr.ru/vfs/statistics/banksector/borrowings/02_29_Budget_all.xlsx,cbr_budget_funds.xlsx
01-01-2021,rub,2553.0,2.0,74.0,1413.0,1065.0,https://www.cbr.ru/vfs/statistics/banksector/borrowings/02_29_Budget_all.xlsx,cbr_budget_funds.xlsx
01-01-2021,total,17652.0,3915.0,152.0,12518.0,1067.0,https://www.cbr.ru/vfs/statistics/banksector/borrowings/02_29_Budget_all.xlsx,cbr_budget_funds.xlsx
01-02-2021,foreign_currency_and_precious_metals,47266.0,36315.0,81.0,10866.0,5.0,https://www.cbr.ru/vfs/statistics/banksector/borrowings/02_29_Budget_all.xlsx,cbr_budget_funds.xlsx
01-02-2021,rub,3264.0,1498.0,104.0,555.0,1107.0,https://www.cbr.ru/vfs/statistics/banksector/borrowings/02_29_Budget_all.xlsx,cbr_budget_funds.xlsx
01-02-2021,total,50530.0,37813.0,185.0,11421.0,1112.0,https://www.cbr.ru/vfs/statistics/banksector/borrowings/02_29_Budget_all.xlsx,cbr_budget_funds.xlsx
01-03-2021,foreign_currency_and_precious_metals,43824.0,32703.0,78.0,10455.0,588.0,https://www.cbr.ru/vfs/statistics/banksector/borrowings/02_29_Budget_all.xlsx,cbr_budget_funds.xlsx
01-03-2021,rub,3176.0,1390.0,98.0,530.0,1158.0,https://www.cbr.ru/vfs/statistics/banksector/borrowings/02_29_Budget_all.xlsx,cbr_budget_funds.xlsx
01-03-2021,total,47001.0,34094.0,176.0,10985.0,1746.0,https://www.cbr.ru/vfs/statistics/banksector/borrowings/02_29_Budget_all.xlsx,cbr_budget_funds.xlsx
01-04-2021,foreign_currency_and_precious_metals,38989.0,28034.0,1.0,10795.0,159.0,https://www.cbr.ru/vfs/statistics/banksector/borrowings/02_29_Budget_all.xlsx,cbr_budget_funds.xlsx
01-04-2021,rub,3815.0,2235.0,155.0,283.0,1142.0,https://www.cbr.ru/vfs/statistics/banksector/borrowings/02_29_Budget_all.xlsx,cbr_budget_funds.xlsx
01-04-2021,total,42804.0,30269.0,156.0,11078.0,1301.0,https://www.cbr.ru/vfs/statistics/banksector/borrowings/02_29_Budget_all.xlsx,cbr_budget_funds.xlsx
01-05-2021,foreign_currency_and_precious_metals,46001.0,34514.0,1.0,10779.0,707.0,https://www.cbr.ru/vfs/statistics/banksector/borrowings/02_29_Budget_all.xlsx,cbr_budget_funds.xlsx
01-05-2021,rub,3023.0,1650.0,153.0,326.0,893.0,https://www.cbr.ru/vfs/statistics/banksector/borrowings/02_29_Budget_all.xlsx,cbr_budget_funds.xlsx
01-05-2021,total,49024.0,36164.0,155.0,11105.0,1600.0,https://www.cbr.ru/vfs/statistics/banksector/borrowings/02_29_Budget_all.xlsx,cbr_budget_funds.xlsx
01-06-2021,foreign_currency_and_precious_metals,45688.0,33801.0,1.0,11813.0,73.0,https://www.cbr.ru/vfs/statistics/banksector/borrowings/02_29_Budget_all.xlsx,cbr_budget_funds.xlsx
01-06-2021,rub,2590.0,1863.0,45.0,255.0,427.0,https://www.cbr.ru/vfs/statistics/banksector/borrowings/02_29_Budget_all.xlsx,cbr_budget_funds.xlsx
01-06-2021,total,48278.0,35664.0,46.0,12068.0,500.0,https://www.cbr.ru/vfs/statistics/banksector/borrowings/02_29_Budget_all.xlsx,cbr_budget_funds.xlsx
01-07-2021,foreign_currency_and_precious_metals,46130.0,34265.0,1.0,11854.0,10.0,https://www.cbr.ru/vfs/statistics/banksector/borrowings/02_29_Budget_all.xlsx,cbr_budget_funds.xlsx
01-07-2021,rub,4971.0,2323.0,299.0,185.0,2164.0,https://www.cbr.ru/vfs/statistics/banksector/borrowings/02_29_Budget_all.xlsx,cbr_budget_funds.xlsx
01-07-2021,total,51101.0,36588.0,301.0,12039.0,2173.0,https://www.cbr.ru/vfs/statistics/banksector/borrowings/02_29_Budget_all.xlsx,cbr_budget_funds.xlsx
01-08-2021,foreign_currency_and_precious_metals,52043.0,39190.0,1.0,12848.0,4.0,https://www.cbr.ru/vfs/statistics/banksector/borrowings/02_29_Budget_all.xlsx,cbr_budget_funds.xlsx
01-08-2021,rub,12284.0,1274.0,3358.0,5686.0,1966.0,https://www.cbr.ru/vfs/statistics/banksector/borrowings/02_29_Budget_all.xlsx,cbr_budget_funds.xlsx
01-08-2021,total,64327.0,40463.0,3359.0,18534.0,1971.0,https://www.cbr.ru/vfs/statistics/banksector/borrowings/02_29_Budget_all.xlsx,cbr_budget_funds.xlsx
01-09-2021,foreign_currency_and_precious_metals,54081.0,41242.0,1.0,12833.0,4.0,https://www.cbr.ru/vfs/statistics/banksector/borrowings/02_29_Budget_all.xlsx,cbr_budget_funds.xlsx
01-09-2021,rub,16831.0,1798.0,4968.0,8591.0,1474.0,https://www.cbr.ru/vfs/statistics/banksector/borrowings/02_29_Budget_all.xlsx,cbr_budget_funds.xlsx
01-09-2021,total,70912.0,43040.0,4969.0,21424.0,1478.0,https://www.cbr.ru/vfs/statistics/banksector/borrowings/02_29_Budget_all.xlsx,cbr_budget_funds.xlsx
01-10-2021,foreign_currency_and_precious_metals,65781.0,53184.0,0.0,12587.0,9.0,https://www.cbr.ru/vfs/statistics/banksector/borrowings/02_29_Budget_all.xlsx,cbr_budget_funds.xlsx
01-10-2021,rub,4965.0,1771.0,1399.0,1091.0,704.0,https://www.cbr.ru/vfs/statistics/banksector/borrowings/02_29_Budget_all.xlsx,cbr_budget_funds.xlsx
01-10-2021,total,70746.0,54955.0,1399.0,13678.0,713.0,https://www.cbr.ru/vfs/statistics/banksector/borrowings/02_29_Budget_all.xlsx,cbr_budget_funds.xlsx
01-11-2021,foreign_currency_and_precious_metals,53497.0,37842.0,0.0,14960.0,695.0,https://www.cbr.ru/vfs/statistics/banksector/borrowings/02_29_Budget_all.xlsx,cbr_budget_funds.xlsx
01-11-2021,rub,2572.0,1946.0,91.0,149.0,386.0,https://www.cbr.ru/vfs/statistics/banksector/borrowings/02_29_Budget_all.xlsx,cbr_budget_funds.xlsx
01-11-2021,total,56069.0,39788.0,91.0,15108.0,1081.0,https://www.cbr.ru/vfs/statistics/banksector/borrowings/02_29_Budget_all.xlsx,cbr_budget_funds.xlsx
01-12-2021,foreign_currency_and_precious_metals,45239.0,31833.0,0.0,13328.0,78.0,https://www.cbr.ru/vfs/statistics/banksector/borrowings/02_29_Budget_all.xlsx,cbr_budget_funds.xlsx
01-12-2021,rub,4165.0,2695.0,256.0,382.0,832.0,https://www.cbr.ru/vfs/statistics/banksector/borrowings/02_29_Budget_all.xlsx,cbr_budget_funds.xlsx
01-12-2021,total,49404.0,34529.0,256.0,13709.0,910.0,https://www.cbr.ru/vfs/statistics/banksector/borrowings/02_29_Budget_all.xlsx,cbr_budget_funds.xlsx
01-01-2022,foreign_currency_and_precious_metals,29212.0,5461.0,0.0,23748.0,2.0,https://www.cbr.ru/vfs/statistics/banksector/borrowings/02_29_Budget_all.xlsx,cbr_budget_funds.xlsx
01-01-2022,rub,4095.0,2.0,2432.0,824.0,837.0,https://www.cbr.ru/vfs/statistics/banksector/borrowings/02_29_Budget_all.xlsx,cbr_budget_funds.xlsx
01-01-2022,total,33307.0,5463.0,2432.0,24572.0,839.0,https://www.cbr.ru/vfs/statistics/banksector/borrowings/02_29_Budget_all.xlsx,cbr_budget_funds.xlsx
01-02-2022,foreign_currency_and_precious_metals,65363.0,41218.0,0.0,24138.0,6.0,https://www.cbr.ru/vfs/statistics/banksector/borrowings/02_29_Budget_all.xlsx,cbr_budget_funds.xlsx
01-02-2022,rub,6015.0,1877.0,2812.0,848.0,479.0,https://www.cbr.ru/vfs/statistics/banksector/borrowings/02_29_Budget_all.xlsx,cbr_budget_funds.xlsx
01-02-2022,total,71378.0,43095.0,2812.0,24986.0,485.0,https://www.cbr.ru/vfs/statistics/banksector/borrowings/02_29_Budget_all.xlsx,cbr_budget_funds.xlsx
01-03-2022,foreign_currency_and_precious_metals,51688.0,37736.0,0.0,13945.0,7.0,https://www.cbr.ru/vfs/statistics/banksector/borrowings/02_29_Budget_all.xlsx,cbr_budget_funds.xlsx
01-03-2022,rub,7364.0,1969.0,3455.0,810.0,1130.0,https://www.cbr.ru/vfs/statistics/banksector/borrowings/02_29_Budget_all.xlsx,cbr_budget_funds.xlsx
01-03-2022,total,59052.0,39704.0,3456.0,14755.0,1137.0,https://www.cbr.ru/vfs/statistics/banksector/borrowings/02_29_Budget_all.xlsx,cbr_budget_funds.xlsx
01-04-2022,foreign_currency_and_precious_metals,109406.0,95344.0,0.0,14013.0,48.0,https://www.cbr.ru/vfs/statistics/banksector/borrowings/02_29_Budget_all.xlsx,cbr_budget_funds.xlsx
01-04-2022,rub,5071.0,1448.0,2661.0,798.0,164.0,https://www.cbr.ru/vfs/statistics/banksector/borrowings/02_29_Budget_all.xlsx,cbr_budget_funds.xlsx
01-04-2022,total,114477.0,96792.0,2661.0,14811.0,213.0,https://www.cbr.ru/vfs/statistics/banksector/borrowings/02_29_Budget_all.xlsx,cbr_budget_funds.xlsx
01-05-2022,foreign_currency_and_precious_metals,216925.0,204520.0,1.0,12404.0,1.0,https://www.cbr.ru/vfs/statistics/banksector/borrowings/02_29_Budget_all.xlsx,cbr_budget_funds.xlsx
01-05-2022,rub,6701.0,1220.0,4266.0,783.0,433.0,https://www.cbr.ru/vfs/statistics/banksector/borrowings/02_29_Budget_all.xlsx,cbr_budget_funds.xlsx
01-05-2022,total,223626.0,205740.0,4267.0,13186.0,433.0,https://www.cbr.ru/vfs/statistics/banksector/borrowings/02_29_Budget_all.xlsx,cbr_budget_funds.xlsx
01-06-2022,foreign_currency_and_precious_metals,191537.0,180253.0,0.0,11281.0,3.0,https://www.cbr.ru/vfs/statistics/banksector/borrowings/02_29_Budget_all.xlsx,cbr_budget_funds.xlsx
01-06-2022,rub,7085.0,1544.0,4702.0,771.0,69.0,https://www.cbr.ru/vfs/statistics/banksector/borrowings/02_29_Budget_all.xlsx,cbr_budget_funds.xlsx
01-06-2022,total,198623.0,181797.0,4702.0,12051.0,72.0,https://www.cbr.ru/vfs/statistics/banksector/borrowings/02_29_Budget_all.xlsx,cbr_budget_funds.xlsx
01-07-2022,foreign_currency_and_precious_metals,152949.0,143936.0,0.0,9010.0,3.0,https://www.cbr.ru/vfs/statistics/banksector/borrowings/02_29_Budget_all.xlsx,cbr_budget_funds.xlsx
01-07-2022,rub,10927.0,1417.0,7819.0,786.0,904.0,https://www.cbr.ru/vfs/statistics/banksector/borrowings/02_29_Budget_all.xlsx,cbr_budget_funds.xlsx
01-07-2022,total,163875.0,145353.0,7820.0,9796.0,907.0,https://www.cbr.ru/vfs/statistics/banksector/borrowings/02_29_Budget_all.xlsx,cbr_budget_funds.xlsx
01-08-2022,foreign_currency_and_precious_metals,180833.0,171086.0,4.0,9741.0,3.0,https://www.cbr.ru/vfs/statistics/banksector/borrowings/02_29_Budget_all.xlsx,cbr_budget_funds.xlsx
01-08-2022,rub,14262.0,1411.0,11401.0,797.0,653.0,https://www.cbr.ru/vfs/statistics/banksector/borrowings/02_29_Budget_all.xlsx,cbr_budget_funds.xlsx
01-08-2022,total,195095.0,172497.0,11404.0,10538.0,656.0,https://www.cbr.ru/vfs/statistics/banksector/borrowings/02_29_Budget_all.xlsx,cbr_budget_funds.xlsx
01-09-2022,foreign_currency_and_precious_metals,176592.0,166971.0,3.0,9615.0,3.0,https://www.cbr.ru/vfs/statistics/banksector/borrowings/02_29_Budget_all.xlsx,cbr_budget_funds.xlsx
01-09-2022,rub,18771.0,1736.0,15838.0,444.0,753.0,https://www.cbr.ru/vfs/statistics/banksector/borrowings/02_29_Budget_all.xlsx,cbr_budget_funds.xlsx
01-09-2022,total,195363.0,168706.0,15841.0,10059.0,756.0,https://www.cbr.ru/vfs/statistics/banksector/borrowings/02_29_Budget_all.xlsx,cbr_budget_funds.xlsx
01-10-2022,foreign_currency_and_precious_metals,167371.0,157524.0,1.0,9845.0,0.0,https://www.cbr.ru/vfs/statistics/banksector/borrowings/02_29_Budget_all.xlsx,cbr_budget_funds.xlsx
01-10-2022,rub,13889.0,1483.0,11376.0,384.0,645.0,https://www.cbr.ru/vfs/statistics/banksector/borrowings/02_29_Budget_all.xlsx,cbr_budget_funds.xlsx
01-10-2022,total,181259.0,159008.0,11377.0,10230.0,645.0,https://www.cbr.ru/vfs/statistics/banksector/borrowings/02_29_Budget_all.xlsx,cbr_budget_funds.xlsx
01-11-2022,foreign_currency_and_precious_metals,168185.0,157631.0,1.0,10553.0,0.0,https://www.cbr.ru/vfs/statistics/banksector/borrowings/02_29_Budget_all.xlsx,cbr_budget_funds.xlsx
01-11-2022,rub,14694.0,1273.0,12451.0,365.0,605.0,https://www.cbr.ru/vfs/statistics/banksector/borrowings/02_29_Budget_all.xlsx,cbr_budget_funds.xlsx
01-11-2022,total,182879.0,158904.0,12452.0,10917.0,605.0,https://www.cbr.ru/vfs/statistics/banksector/borrowings/02_29_Budget_all.xlsx,cbr_budget_funds.xlsx
01-12-2022,foreign_currency_and_precious_metals,163547.0,153401.0,1.0,10145.0,0.0,https://www.cbr.ru/vfs/statistics/banksector/borrowings/02_29_Budget_all.xlsx,cbr_budget_funds.xlsx
01-12-2022,rub,14394.0,1654.0,12066.0,386.0,288.0,https://www.cbr.ru/vfs/statistics/banksector/borrowings/02_29_Budget_all.xlsx,cbr_budget_funds.xlsx
01-12-2022,total,177941.0,155055.0,12067.0,10531.0,288.0,https://www.cbr.ru/vfs/statistics/banksector/borrowings/02_29_Budget_all.xlsx,cbr_budget_funds.xlsx
01-01-2023,foreign_currency_and_precious_metals,172232.0,147410.0,0.0,24822.0,0.0,https://www.cbr.ru/vfs/statistics/banksector/borrowings/02_29_Budget_all.xlsx,cbr_budget_funds.xlsx
01-01-2023,rub,69242.0,48208.0,20672.0,354.0,8.0,https://www.cbr.ru/vfs/statistics/banksector/borrowings/02_29_Budget_all.xlsx,cbr_budget_funds.xlsx
01-01-2023,total,241474.0,195618.0,20673.0,25175.0,8.0,https://www.cbr.ru/vfs/statistics/banksector/borrowings/02_29_Budget_all.xlsx,cbr_budget_funds.xlsx
01-02-2023,foreign_currency_and_precious_metals,176496.0,153499.0,0.0,22996.0,0.0,https://www.cbr.ru/vfs/statistics/banksector/borrowings/02_29_Budget_all.xlsx,cbr_budget_funds.xlsx
01-02-2023,rub,64107.0,43991.0,18888.0,401.0,826.0,https://www.cbr.ru/vfs/statistics/banksector/borrowings/02_29_Budget_all.xlsx,cbr_budget_funds.xlsx
01-02-2023,total,240602.0,197490.0,18889.0,23397.0,826.0,https://www.cbr.ru/vfs/statistics/banksector/borrowings/02_29_Budget_all.xlsx,cbr_budget_funds.xlsx
01-03-2023,foreign_currency_and_precious_metals,150975.0,138366.0,1.0,12609.0,0.0,https://www.cbr.ru/vfs/statistics/banksector/borrowings/02_29_Budget_all.xlsx,cbr_budget_funds.xlsx
01-03-2023,rub,63699.0,42156.0,21179.0,96.0,269.0,https://www.cbr.ru/vfs/statistics/banksector/borrowings/02_29_Budget_all.xlsx,cbr_budget_funds.xlsx
01-03-2023,total,214675.0,180522.0,21180.0,12704.0,269.0,https://www.cbr.ru/vfs/statistics/banksector/borrowings/02_29_Budget_all.xlsx,cbr_budget_funds.xlsx
01-04-2023,foreign_currency_and_precious_metals,158666.0,145650.0,1.0,13015.0,0.0,https://www.cbr.ru/vfs/statistics/banksector/borrowings/02_29_Budget_all.xlsx,cbr_budget_funds.xlsx
01-04-2023,rub,58647.0,33794.0,24312.0,75.0,466.0,https://www.cbr.ru/vfs/statistics/banksector/borrowings/02_29_Budget_all.xlsx,cbr_budget_funds.xlsx
01-04-2023,total,217313.0,179445.0,24312.0,13090.0,466.0,https://www.cbr.ru/vfs/statistics/banksector/borrowings/02_29_Budget_all.xlsx,cbr_budget_funds.xlsx
01-05-2023,foreign_currency_and_precious_metals,163099.0,148985.0,2.0,14112.0,0.0,https://www.cbr.ru/vfs/statistics/banksector/borrowings/02_29_Budget_all.xlsx,cbr_budget_funds.xlsx
01-05-2023,rub,48935.0,24003.0,24560.0,93.0,280.0,https://www.cbr.ru/vfs/statistics/banksector/borrowings/02_29_Budget_all.xlsx,cbr_budget_funds.xlsx
01-05-2023,total,212035.0,172988.0,24562.0,14205.0,280.0,https://www.cbr.ru/vfs/statistics/banksector/borrowings/02_29_Budget_all.xlsx,cbr_budget_funds.xlsx
01-06-2023,foreign_currency_and_precious_metals,161901.0,145420.0,1.0,16480.0,0.0,https://www.cbr.ru/vfs/statistics/banksector/borrowings/02_29_Budget_all.xlsx,cbr_budget_funds.xlsx
01-06-2023,rub,45887.0,21042.0,24436.0,71.0,338.0,https://www.cbr.ru/vfs/statistics/banksector/borrowings/02_29_Budget_all.xlsx,cbr_budget_funds.xlsx
01-06-2023,total,207788.0,166462.0,24437.0,16551.0,338.0,https://www.cbr.ru/vfs/statistics/banksector/borrowings/02_29_Budget_all.xlsx,cbr_budget_funds.xlsx
01-07-2023,foreign_currency_and_precious_metals,171944.0,157187.0,1.0,14756.0,0.0,https://www.cbr.ru/vfs/statistics/banksector/borrowings/02_29_Budget_all.xlsx,cbr_budget_funds.xlsx
01-07-2023,rub,45521.0,16991.0,27586.0,69.0,874.0,https://www.cbr.ru/vfs/statistics/banksector/borrowings/02_29_Budget_all.xlsx,cbr_budget_funds.xlsx
01-07-2023,total,217465.0,174179.0,27587.0,14825.0,874.0,https://www.cbr.ru/vfs/statistics/banksector/borrowings/02_29_Budget_all.xlsx,cbr_budget_funds.xlsx
01-08-2023,foreign_currency_and_precious_metals,175665.0,160600.0,2.0,15064.0,0.0,https://www.cbr.ru/vfs/statistics/banksector/borrowings/02_29_Budget_all.xlsx,cbr_budget_funds.xlsx
01-08-2023,rub,48804.0,15732.0,32427.0,184.0,460.0,https://www.cbr.ru/vfs/statistics/banksector/borrowings/02_29_Budget_all.xlsx,cbr_budget_funds.xlsx
01-08-2023,total,224469.0,176332.0,32429.0,15248.0,460.0,https://www.cbr.ru/vfs/statistics/banksector/borrowings/02_29_Budget_all.xlsx,cbr_budget_funds.xlsx
01-09-2023,foreign_currency_and_precious_metals,177382.0,161242.0,1.0,16140.0,0.0,https://www.cbr.ru/vfs/statistics/banksector/borrowings/02_29_Budget_all.xlsx,cbr_budget_funds.xlsx
01-09-2023,rub,51571.0,14009.0,37199.0,212.0,150.0,https://www.cbr.ru/vfs/statistics/banksector/borrowings/02_29_Budget_all.xlsx,cbr_budget_funds.xlsx
01-09-2023,total,228953.0,175251.0,37200.0,16351.0,150.0,https://www.cbr.ru/vfs/statistics/banksector/borrowings/02_29_Budget_all.xlsx,cbr_budget_funds.xlsx
01-10-2023,foreign_currency_and_precious_metals,185575.0,169799.0,1.0,15775.0,0.0,https://www.cbr.ru/vfs/statistics/banksector/borrowings/02_29_Budget_all.xlsx,cbr_budget_funds.xlsx
01-10-2023,rub,43047.0,13507.0,29229.0,58.0,253.0,https://www.cbr.ru/vfs/statistics/banksector/borrowings/02_29_Budget_all.xlsx,cbr_budget_funds.xlsx
01-10-2023,total,228622.0,183306.0,29230.0,15833.0,253.0,https://www.cbr.ru/vfs/statistics/banksector/borrowings/02_29_Budget_all.xlsx,cbr_budget_funds.xlsx
01-11-2023,foreign_currency_and_precious_metals,183990.0,169089.0,1.0,14900.0,0.0,https://www.cbr.ru/vfs/statistics/banksector/borrowings/02_29_Budget_all.xlsx,cbr_budget_funds.xlsx
01-11-2023,rub,39944.0,12418.0,27334.0,52.0,140.0,https://www.cbr.ru/vfs/statistics/banksector/borrowings/02_29_Budget_all.xlsx,cbr_budget_funds.xlsx
01-11-2023,total,223934.0,181507.0,27335.0,14952.0,140.0,https://www.cbr.ru/vfs/statistics/banksector/borrowings/02_29_Budget_all.xlsx,cbr_budget_funds.xlsx
01-12-2023,foreign_currency_and_precious_metals,187205.0,171944.0,0.0,15260.0,0.0,https://www.cbr.ru/vfs/statistics/banksector/borrowings/02_29_Budget_all.xlsx,cbr_budget_funds.xlsx
01-12-2023,rub,37812.0,12148.0,25411.0,49.0,204.0,https://www.cbr.ru/vfs/statistics/banksector/borrowings/02_29_Budget_all.xlsx,cbr_budget_funds.xlsx
01-12-2023,total,225017.0,184092.0,25411.0,15309.0,204.0,https://www.cbr.ru/vfs/statistics/banksector/borrowings/02_29_Budget_all.xlsx,cbr_budget_funds.xlsx
01-01-2024,foreign_currency_and_precious_metals,153230.0,138457.0,0.0,14773.0,0.0,https://www.cbr.ru/vfs/statistics/banksector/borrowings/02_29_Budget_all.xlsx,cbr_budget_funds.xlsx
01-01-2024,rub,30940.0,9008.0,21573.0,176.0,183.0,https://www.cbr.ru/vfs/statistics/banksector/borrowings/02_29_Budget_all.xlsx,cbr_budget_funds.xlsx
01-01-2024,total,184170.0,147464.0,21574.0,14949.0,183.0,https://www.cbr.ru/vfs/statistics/banksector/borrowings/02_29_Budget_all.xlsx,cbr_budget_funds.xlsx
01-02-2024,foreign_currency_and_precious_metals,167490.0,152635.0,0.0,14854.0,0.0,https://www.cbr.ru/vfs/statistics/banksector/borrowings/02_29_Budget_all.xlsx,cbr_budget_funds.xlsx
01-02-2024,rub,41058.0,10114.0,21144.0,8743.0,1057.0,https://www.cbr.ru/vfs/statistics/banksector/borrowings/02_29_Budget_all.xlsx,cbr_budget_funds.xlsx
01-02-2024,total,208548.0,162750.0,21144.0,23597.0,1057.0,https://www.cbr.ru/vfs/statistics/banksector/borrowings/02_29_Budget_all.xlsx,cbr_budget_funds.xlsx
01-03-2024,foreign_currency_and_precious_metals,157053.0,142672.0,3.0,14378.0,0.0,https://www.cbr.ru/vfs/statistics/banksector/borrowings/02_29_Budget_all.xlsx,cbr_budget_funds.xlsx
01-03-2024,rub,50380.0,7299.0,24037.0,18632.0,413.0,https://www.cbr.ru/vfs/statistics/banksector/borrowings/02_29_Budget_all.xlsx,cbr_budget_funds.xlsx
01-03-2024,total,207433.0,149971.0,24040.0,33010.0,413.0,https://www.cbr.ru/vfs/statistics/banksector/borrowings/02_29_Budget_all.xlsx,cbr_budget_funds.xlsx
01-04-2024,foreign_currency_and_precious_metals,153931.0,138944.0,1.0,14986.0,0.0,https://www.cbr.ru/vfs/statistics/banksector/borrowings/02_29_Budget_all.xlsx,cbr_budget_funds.xlsx
01-04-2024,rub,30226.0,6914.0,21622.0,439.0,1252.0,https://www.cbr.ru/vfs/statistics/banksector/borrowings/02_29_Budget_all.xlsx,cbr_budget_funds.xlsx
01-04-2024,total,184157.0,145858.0,21623.0,15425.0,1252.0,https://www.cbr.ru/vfs/statistics/banksector/borrowings/02_29_Budget_all.xlsx,cbr_budget_funds.xlsx
01-05-2024,foreign_currency_and_precious_metals,154196.0,140091.0,1.0,14105.0,0.0,https://www.cbr.ru/vfs/statistics/banksector/borrowings/02_29_Budget_all.xlsx,cbr_budget_funds.xlsx
01-05-2024,rub,36549.0,7364.0,27249.0,407.0,1529.0,https://www.cbr.ru/vfs/statistics/banksector/borrowings/02_29_Budget_all.xlsx,cbr_budget_funds.xlsx
01-05-2024,total,190745.0,147455.0,27250.0,14512.0,1529.0,https://www.cbr.ru/vfs/statistics/banksector/borrowings/02_29_Budget_all.xlsx,cbr_budget_funds.xlsx
01-06-2024,foreign_currency_and_precious_metals,142059.0,124435.0,0.0,17624.0,0.0,https://www.cbr.ru/vfs/statistics/banksector/borrowings/02_29_Budget_all.xlsx,cbr_budget_funds.xlsx
01-06-2024,rub,36091.0,6816.0,27568.0,478.0,1228.0,https://www.cbr.ru/vfs/statistics/banksector/borrowings/02_29_Budget_all.xlsx,cbr_budget_funds.xlsx
01-06-2024,total,178150.0,131250.0,27569.0,18102.0,1228.0,https://www.cbr.ru/vfs/statistics/banksector/borrowings/02_29_Budget_all.xlsx,cbr_budget_funds.xlsx
01-07-2024,foreign_currency_and_precious_metals,132536.0,120434.0,0.0,12102.0,0.0,https://www.cbr.ru/vfs/statistics/banksector/borrowings/02_29_Budget_all.xlsx,cbr_budget_funds.xlsx
01-07-2024,rub,39922.0,6560.0,31654.0,550.0,1158.0,https://www.cbr.ru/vfs/statistics/banksector/borrowings/02_29_Budget_all.xlsx,cbr_budget_funds.xlsx
01-07-2024,total,172458.0,126994.0,31654.0,12653.0,1158.0,https://www.cbr.ru/vfs/statistics/banksector/borrowings/02_29_Budget_all.xlsx,cbr_budget_funds.xlsx
01-08-2024,foreign_currency_and_precious_metals,154133.0,140685.0,0.0,13447.0,0.0,https://www.cbr.ru/vfs/statistics/banksector/borrowings/02_29_Budget_all.xlsx,cbr_budget_funds.xlsx
01-08-2024,rub,45371.0,6584.0,36991.0,501.0,1295.0,https://www.cbr.ru/vfs/statistics/banksector/borrowings/02_29_Budget_all.xlsx,cbr_budget_funds.xlsx
01-08-2024,total,199504.0,147269.0,36992.0,13948.0,1295.0,https://www.cbr.ru/vfs/statistics/banksector/borrowings/02_29_Budget_all.xlsx,cbr_budget_funds.xlsx
01-09-2024,foreign_currency_and_precious_metals,158887.0,144578.0,1.0,14309.0,0.0,https://www.cbr.ru/vfs/statistics/banksector/borrowings/02_29_Budget_all.xlsx,cbr_budget_funds.xlsx
01-09-2024,rub,46514.0,5863.0,38837.0,555.0,1259.0,https://www.cbr.ru/vfs/statistics/banksector/borrowings/02_29_Budget_all.xlsx,cbr_budget_funds.xlsx
01-09-2024,total,205400.0,150441.0,38838.0,14863.0,1259.0,https://www.cbr.ru/vfs/statistics/banksector/borrowings/02_29_Budget_all.xlsx,cbr_budget_funds.xlsx
01-10-2024,foreign_currency_and_precious_metals,166467.0,151040.0,1.0,15426.0,0.0,https://www.cbr.ru/vfs/statistics/banksector/borrowings/02_29_Budget_all.xlsx,cbr_budget_funds.xlsx
01-10-2024,rub,34502.0,4871.0,28382.0,422.0,827.0,https://www.cbr.ru/vfs/statistics/banksector/borrowings/02_29_Budget_all.xlsx,cbr_budget_funds.xlsx
01-10-2024,total,200968.0,155911.0,28382.0,15849.0,827.0,https://www.cbr.ru/vfs/statistics/banksector/borrowings/02_29_Budget_all.xlsx,cbr_budget_funds.xlsx
01-11-2024,foreign_currency_and_precious_metals,138986.0,122766.0,2.0,16218.0,0.0,https://www.cbr.ru/vfs/statistics/banksector/borrowings/02_29_Budget_all.xlsx,cbr_budget_funds.xlsx
01-11-2024,rub,33418.0,4720.0,27085.0,57.0,1556.0,https://www.cbr.ru/vfs/statistics/banksector/borrowings/02_29_Budget_all.xlsx,cbr_budget_funds.xlsx
01-11-2024,total,172404.0,127485.0,27087.0,16275.0,1556.0,https://www.cbr.ru/vfs/statistics/banksector/borrowings/02_29_Budget_all.xlsx,cbr_budget_funds.xlsx
01-12-2024,foreign_currency_and_precious_metals,120973.0,102526.0,1.0,18446.0,0.0,https://www.cbr.ru/vfs/statistics/banksector/borrowings/02_29_Budget_all.xlsx,cbr_budget_funds.xlsx
01-12-2024,rub,30222.0,4716.0,23712.0,44.0,1749.0,https://www.cbr.ru/vfs/statistics/banksector/borrowings/02_29_Budget_all.xlsx,cbr_budget_funds.xlsx
01-12-2024,total,151194.0,107243.0,23713.0,18489.0,1749.0,https://www.cbr.ru/vfs/statistics/banksector/borrowings/02_29_Budget_all.xlsx,cbr_budget_funds.xlsx
01-01-2025,foreign_currency_and_precious_metals,27119.0,1025.0,1.0,26094.0,0.0,https://www.cbr.ru/vfs/statistics/banksector/borrowings/02_29_Budget_all.xlsx,cbr_budget_funds.xlsx
01-01-2025,rub,20126.0,3177.0,16526.0,4.0,418.0,https://www.cbr.ru/vfs/statistics/banksector/borrowings/02_29_Budget_all.xlsx,cbr_budget_funds.xlsx
01-01-2025,total,47245.0,4202.0,16527.0,26098.0,418.0,https://www.cbr.ru/vfs/statistics/banksector/borrowings/02_29_Budget_all.xlsx,cbr_budget_funds.xlsx
01-02-2025,foreign_currency_and_precious_metals,38346.0,13628.0,1.0,24717.0,0.0,https://www.cbr.ru/vfs/statistics/banksector/borrowings/02_29_Budget_all.xlsx,cbr_budget_funds.xlsx
01-02-2025,rub,20635.0,4645.0,15470.0,56.0,465.0,https://www.cbr.ru/vfs/statistics/banksector/borrowings/02_29_Budget_all.xlsx,cbr_budget_funds.xlsx
01-02-2025,total,58982.0,18273.0,15470.0,24773.0,465.0,https://www.cbr.ru/vfs/statistics/banksector/borrowings/02_29_Budget_all.xlsx,cbr_budget_funds.xlsx
01-03-2025,foreign_currency_and_precious_metals,57406.0,35750.0,0.0,21656.0,0.0,https://www.cbr.ru/vfs/statistics/banksector/borrowings/02_29_Budget_all.xlsx,cbr_budget_funds.xlsx
01-03-2025,rub,21132.0,4404.0,16316.0,35.0,376.0,https://www.cbr.ru/vfs/statistics/banksector/borrowings/02_29_Budget_all.xlsx,cbr_budget_funds.xlsx
01-03-2025,total,78538.0,40155.0,16316.0,21691.0,376.0,https://www.cbr.ru/vfs/statistics/banksector/borrowings/02_29_Budget_all.xlsx,cbr_budget_funds.xlsx
01-04-2025,foreign_currency_and_precious_metals,63174.0,43376.0,0.0,19797.0,0.0,https://www.cbr.ru/vfs/statistics/banksector/borrowings/02_29_Budget_all.xlsx,cbr_budget_funds.xlsx
01-04-2025,rub,23463.0,4124.0,17765.0,44.0,1531.0,https://www.cbr.ru/vfs/statistics/banksector/borrowings/02_29_Budget_all.xlsx,cbr_budget_funds.xlsx
01-04-2025,total,86637.0,47500.0,17766.0,19841.0,1531.0,https://www.cbr.ru/vfs/statistics/banksector/borrowings/02_29_Budget_all.xlsx,cbr_budget_funds.xlsx
01-05-2025,foreign_currency_and_precious_metals,65448.0,44877.0,0.0,20571.0,0.0,https://www.cbr.ru/vfs/statistics/banksector/borrowings/02_29_Budget_all.xlsx,cbr_budget_funds.xlsx
01-05-2025,rub,23667.0,4273.0,18897.0,96.0,402.0,https://www.cbr.ru/vfs/statistics/banksector/borrowings/02_29_Budget_all.xlsx,cbr_budget_funds.xlsx
01-05-2025,total,89115.0,49149.0,18897.0,20667.0,402.0,https://www.cbr.ru/vfs/statistics/banksector/borrowings/02_29_Budget_all.xlsx,cbr_budget_funds.xlsx
01-06-2025,foreign_currency_and_precious_metals,61012.0,33745.0,0.0,27267.0,0.0,https://www.cbr.ru/vfs/statistics/banksector/borrowings/02_29_Budget_all.xlsx,cbr_budget_funds.xlsx
01-06-2025,rub,24820.0,4574.0,19898.0,73.0,275.0,https://www.cbr.ru/vfs/statistics/banksector/borrowings/02_29_Budget_all.xlsx,cbr_budget_funds.xlsx
01-06-2025,total,85832.0,38319.0,19898.0,27340.0,275.0,https://www.cbr.ru/vfs/statistics/banksector/borrowings/02_29_Budget_all.xlsx,cbr_budget_funds.xlsx
01-07-2025,foreign_currency_and_precious_metals,57588.0,25687.0,0.0,31900.0,0.0,https://www.cbr.ru/vfs/statistics/banksector/borrowings/02_29_Budget_all.xlsx,cbr_budget_funds.xlsx
01-07-2025,rub,31132.0,4110.0,24082.0,160.0,2780.0,https://www.cbr.ru/vfs/statistics/banksector/borrowings/02_29_Budget_all.xlsx,cbr_budget_funds.xlsx
01-07-2025,total,88720.0,29797.0,24083.0,32060.0,2780.0,https://www.cbr.ru/vfs/statistics/banksector/borrowings/02_29_Budget_all.xlsx,cbr_budget_funds.xlsx
01-08-2025,foreign_currency_and_precious_metals,71307.0,35690.0,0.0,35616.0,0.0,https://www.cbr.ru/vfs/statistics/banksector/borrowings/02_29_Budget_all.xlsx,cbr_budget_funds.xlsx
01-08-2025,rub,38149.0,4156.0,31905.0,137.0,1952.0,https://www.cbr.ru/vfs/statistics/banksector/borrowings/02_29_Budget_all.xlsx,cbr_budget_funds.xlsx
01-08-2025,total,109456.0,39846.0,31905.0,35754.0,1952.0,https://www.cbr.ru/vfs/statistics/banksector/borrowings/02_29_Budget_all.xlsx,cbr_budget_funds.xlsx
01-09-2025,foreign_currency_and_precious_metals,60552.0,25214.0,0.0,35338.0,0.0,https://www.cbr.ru/vfs/statistics/banksector/borrowings/02_29_Budget_all.xlsx,cbr_budget_funds.xlsx
01-09-2025,rub,41988.0,4320.0,36228.0,150.0,1291.0,https://www.cbr.ru/vfs/statistics/banksector/borrowings/02_29_Budget_all.xlsx,cbr_budget_funds.xlsx
01-09-2025,total,102540.0,29534.0,36228.0,35487.0,1291.0,https://www.cbr.ru/vfs/statistics/banksector/borrowings/02_29_Budget_all.xlsx,cbr_budget_funds.xlsx
01-10-2025,foreign_currency_and_precious_metals,58689.0,22381.0,0.0,36307.0,0.0,https://www.cbr.ru/vfs/statistics/banksector/borrowings/02_29_Budget_all.xlsx,cbr_budget_funds.xlsx
01-10-2025,rub,31639.0,4175.0,26193.0,47.0,1224.0,https://www.cbr.ru/vfs/statistics/banksector/borrowings/02_29_Budget_all.xlsx,cbr_budget_funds.xlsx
01-10-2025,total,90328.0,26556.0,26194.0,36354.0,1224.0,https://www.cbr.ru/vfs/statistics/banksector/borrowings/02_29_Budget_all.xlsx,cbr_budget_funds.xlsx
01-11-2025,foreign_currency_and_precious_metals,53434.0,18701.0,0.0,34733.0,0.0,https://www.cbr.ru/vfs/statistics/banksector/borrowings/02_29_Budget_all.xlsx,cbr_budget_funds.xlsx
01-11-2025,rub,33366.0,4170.0,27401.0,32.0,1763.0,https://www.cbr.ru/vfs/statistics/banksector/borrowings/02_29_Budget_all.xlsx,cbr_budget_funds.xlsx
01-11-2025,total,86800.0,22871.0,27402.0,34765.0,1763.0,https://www.cbr.ru/vfs/statistics/banksector/borrowings/02_29_Budget_all.xlsx,cbr_budget_funds.xlsx
01-12-2025,foreign_currency_and_precious_metals,47408.0,12681.0,0.0,34727.0,0.0,https://www.cbr.ru/vfs/statistics/banksector/borrowings/02_29_Budget_all.xlsx,cbr_budget_funds.xlsx
01-12-2025,rub,35679.0,4376.0,29613.0,40.0,1651.0,https://www.cbr.ru/vfs/statistics/banksector/borrowings/02_29_Budget_all.xlsx,cbr_budget_funds.xlsx
01-12-2025,total,83087.0,17057.0,29613.0,34766.0,1651.0,https://www.cbr.ru/vfs/statistics/banksector/borrowings/02_29_Budget_all.xlsx,cbr_budget_funds.xlsx
01-01-2026,foreign_currency_and_precious_metals,37202.0,624.0,0.0,36577.0,0.0,https://www.cbr.ru/vfs/statistics/banksector/borrowings/02_29_Budget_all.xlsx,cbr_budget_funds.xlsx
01-01-2026,rub,36356.0,2618.0,32135.0,3.0,1600.0,https://www.cbr.ru/vfs/statistics/banksector/borrowings/02_29_Budget_all.xlsx,cbr_budget_funds.xlsx
01-01-2026,total,73557.0,3242.0,32135.0,36580.0,1600.0,https://www.cbr.ru/vfs/statistics/banksector/borrowings/02_29_Budget_all.xlsx,cbr_budget_funds.xlsx
01-02-2026,foreign_currency_and_precious_metals,44869.0,9686.0,0.0,35182.0,0.0,https://www.cbr.ru/vfs/statistics/banksector/borrowings/02_29_Budget_all.xlsx,cbr_budget_funds.xlsx
01-02-2026,rub,32852.0,2613.0,29231.0,204.0,804.0,https://www.cbr.ru/vfs/statistics/banksector/borrowings/02_29_Budget_all.xlsx,cbr_budget_funds.xlsx
01-02-2026,total,77720.0,12299.0,29231.0,35386.0,804.0,https://www.cbr.ru/vfs/statistics/banksector/borrowings/02_29_Budget_all.xlsx,cbr_budget_funds.xlsx
01-03-2026,foreign_currency_and_precious_metals,49905.0,14390.0,0.0,35514.0,0.0,https://www.cbr.ru/vfs/statistics/banksector/borrowings/02_29_Budget_all.xlsx,cbr_budget_funds.xlsx
01-03-2026,rub,34342.0,2460.0,31550.0,163.0,168.0,https://www.cbr.ru/vfs/statistics/banksector/borrowings/02_29_Budget_all.xlsx,cbr_budget_funds.xlsx
01-03-2026,total,84247.0,16850.0,31551.0,35678.0,168.0,https://www.cbr.ru/vfs/statistics/banksector/borrowings/02_29_Budget_all.xlsx,cbr_budget_funds.xlsx
01-04-2026,foreign_currency_and_precious_metals,53056.0,13353.0,0.0,39702.0,0.0,https://www.cbr.ru/vfs/statistics/banksector/borrowings/02_29_Budget_all.xlsx,cbr_budget_funds.xlsx
01-04-2026,rub,38659.0,2465.0,35360.0,165.0,670.0,https://www.cbr.ru/vfs/statistics/banksector/borrowings/02_29_Budget_all.xlsx,cbr_budget_funds.xlsx
01-04-2026,total,91715.0,15818.0,35360.0,39867.0,670.0,https://www.cbr.ru/vfs/statistics/banksector/borrowings/02_29_Budget_all.xlsx,cbr_budget_funds.xlsx
